Code,Event Name,Remedial Service Type,Service Description,Industry NAICS,All_Attack_Freq_2025,All_Attack_Freq_2026,All_Attack_Freq_2027,All_Attack_Freq_2028,All_Attack_Freq_2029,All_Attack_Freq_2030,Event_Freq_2025,Event_Freq_2026,Event_Freq_2027,Event_Freq_2028,Event_Freq_2029,Event_Freq_2030,Uptake_Prob_2025,Uptake_Prob_2026,Uptake_Prob_2027,Uptake_Prob_2028,Uptake_Prob_2029,Uptake_Prob_2030,Cost_2025,Cost_2026,Cost_2027,Cost_2028,Cost_2029,Cost_2030,,,,,
RN.01,Ransomware with Triple Extortion,Forensics,"Root cause analysis, malware reverse engineering.",11,0.353378,0.312798,0.253142,0.359207,0.362933,0.257804,0.071253,0.071501,0.072011,0.056741,0.091175,0.099394,0.842097,0.809631,0.824187,0.94839,0.89684,0.836827,1991801,1329936,1403984,1752884,1413236,1055035,,,,,
RN.01,Ransomware with Triple Extortion,Legal Support,"Ransom negotiations (if policy allows), compliance (e.g., GDPR fines).",11,0.207718,0.307147,0.250333,0.269833,0.371812,0.350703,0.054242,0.09952,0.053424,0.057748,0.057344,0.068471,0.830381,0.737582,0.743182,0.730217,0.707494,0.854237,2160005,2205279,1632554,2230421,1207940,1511000,,,,,
RN.01,Ransomware with Triple Extortion,Negotiation,"Ransom negotiations (if policy allows), compliance (e.g., GDPR fines).",11,0.307666,0.338903,0.205963,0.310133,0.376511,0.28588,0.082511,0.082968,0.069613,0.08012,0.080833,0.073911,0.450378,0.46681,0.498682,0.575796,0.443799,0.491081,1124904,2217054,1266124,2292915,971277,1645430,,,,,
RN.01,Ransomware with Triple Extortion,Recovery,"Decryption/backups, system rebuilds; downtime recovery.",11,0.396524,0.326946,0.379236,0.389405,0.367276,0.257506,0.068658,0.076878,0.050053,0.096088,0.055277,0.088689,0.94498,0.946253,0.931603,0.979304,0.927712,0.909356,4764159,5087255,5468018,3600595,5435456,5390220,,,,,
CP.01,"Cyber-Physical Disruption (e.g., Stuxnet-like)",Forensics,"OT malware analysis, physical impact assessment.",11,0.200467,0.171513,0.204851,0.191002,0.288972,0.284062,0.008097,0.006869,0.008655,0.009352,0.005212,0.008338,0.918714,0.909006,0.898244,0.935921,0.848339,0.897958,3750101,3263454,3391947,3675135,3218992,3493764,,,,,
CP.01,"Cyber-Physical Disruption (e.g., Stuxnet-like)",Legal Support,"Critical infra regulations (e.g., CISA), potential state actor involvement.",11,0.172854,0.204675,0.241574,0.199902,0.239426,0.180411,0.008688,0.009175,0.00931,0.007416,0.00705,0.008524,0.79627,0.772915,0.873307,0.846049,0.887166,0.744774,3605173,2835455,3595191,2487716,3783145,2729362,,,,,
CP.01,"Cyber-Physical Disruption (e.g., Stuxnet-like)",Negotiation,"Critical infra regulations (e.g., CISA), potential state actor involvement.",11,0.253022,0.16112,0.139924,0.14908,0.1087,0.11509,0.008021,0.009134,0.005583,0.005249,0.005077,0.006534,0.592126,0.599203,0.596804,0.412879,0.548447,0.559926,2067982,2345060,3725675,3978974,2243820,3039477,,,,,
CP.01,"Cyber-Physical Disruption (e.g., Stuxnet-like)",Recovery,"Physical repairs, IT/OT segmentation.",11,0.260079,0.282971,0.150927,0.265844,0.171423,0.103835,0.009488,0.005139,0.005339,0.006793,0.008752,0.007945,0.966601,0.915702,0.941097,0.922059,0.961634,0.914246,9503059,10152287,10847555,9080727,11637956,7570295,,,,,
AP.01,Advanced Persistent Threat (APT) on Critical Infrastructure,Forensics,"APT hunt (e.g., indicators from MITRE), attribution analysis.",21,0.40398,0.483882,0.529627,0.53717,0.458935,0.517491,0.022242,0.01684,0.025427,0.027848,0.022778,0.017929,0.946729,0.82581,0.913243,0.80016,0.812969,0.882428,2054649,2661274,2743789,2736120,2205892,2751917,,,,,
AP.01,Advanced Persistent Threat (APT) on Critical Infrastructure,Legal Support,"International coordination, CISA reporting.",21,0.427133,0.448152,0.59699,0.478527,0.512418,0.498952,0.015455,0.014249,0.010473,0.028735,0.028521,0.020534,0.892039,0.737157,0.811029,0.794364,0.875866,0.769876,2278063,2295741,1712198,2075458,1586072,2363677,,,,,
AP.01,Advanced Persistent Threat (APT) on Critical Infrastructure,Negotiation,"International coordination, CISA reporting.",21,0.51801,0.523336,0.542282,0.543446,0.40277,0.4324,0.023728,0.027958,0.011643,0.022433,0.024495,0.012151,0.510584,0.546869,0.405267,0.465188,0.454157,0.487124,1718185,1815171,1791974,2479743,2064861,1680427,,,,,
AP.01,Advanced Persistent Threat (APT) on Critical Infrastructure,Recovery,"Infrastructure rebuild, resilience upgrades.",21,0.506044,0.480083,0.532276,0.413754,0.44625,0.431772,0.027713,0.014097,0.019701,0.028604,0.025212,0.027795,0.968462,0.918371,0.930597,0.934429,0.942611,0.953518,5504225,5776314,5709380,5877122,6273089,5875248,,,,,
AP.01,Advanced Persistent Threat (APT) on Critical Infrastructure,Forensics,"APT hunt (e.g., indicators from MITRE), attribution analysis.",22,0.776918,0.613644,0.733119,0.791042,0.720018,0.790865,0.024894,0.010489,0.026099,0.02451,0.012821,0.012626,0.84591,0.817679,0.856206,0.891597,0.934193,0.910051,2869936,2660789,2077399,2520505,2053497,2217916,,,,,
AP.01,Advanced Persistent Threat (APT) on Critical Infrastructure,Legal Support,"International coordination, CISA reporting.",22,0.761766,0.74863,0.681634,0.648847,0.723739,0.730891,0.025882,0.019486,0.020077,0.025437,0.012421,0.014996,0.774137,0.72571,0.854875,0.728159,0.83579,0.88173,1955599,1775597,2302187,1665541,2017886,1957106,,,,,
AP.01,Advanced Persistent Threat (APT) on Critical Infrastructure,Negotiation,"International coordination, CISA reporting.",22,0.685656,0.611539,0.725894,0.679498,0.679392,0.739879,0.018758,0.013584,0.017683,0.024949,0.012773,0.018093,0.460015,0.405726,0.559769,0.580886,0.463844,0.42444,1737580,2313449,2497733,2465787,2498414,2260359,,,,,
AP.01,Advanced Persistent Threat (APT) on Critical Infrastructure,Recovery,"Infrastructure rebuild, resilience upgrades.",22,0.746136,0.795413,0.759604,0.65706,0.746661,0.763506,0.019511,0.013261,0.010336,0.010259,0.013111,0.015678,0.967091,0.905351,0.929733,0.956593,0.967477,0.937275,5872811,6239662,5954415,6318829,5576424,5842652,,,,,
CP.01,"Cyber-Physical Disruption (e.g., Stuxnet-like)",Forensics,"OT malware analysis, physical impact assessment.",22,0.706821,0.74867,0.616428,0.697792,0.616643,0.621983,0.006035,0.008252,0.007852,0.006626,0.009626,0.006237,0.898147,0.905256,0.903207,0.863525,0.850598,0.854808,3380758,3049340,3100737,3567944,3066083,3967033,,,,,
CP.01,"Cyber-Physical Disruption (e.g., Stuxnet-like)",Legal Support,"Critical infra regulations (e.g., CISA), potential state actor involvement.",22,0.758711,0.701867,0.656297,0.609515,0.638769,0.779598,0.006372,0.006336,0.005242,0.009368,0.007119,0.006881,0.864525,0.768593,0.764176,0.748646,0.85841,0.799466,2453948,2592308,3336056,2375916,3660316,2871117,,,,,
CP.01,"Cyber-Physical Disruption (e.g., Stuxnet-like)",Negotiation,"Critical infra regulations (e.g., CISA), potential state actor involvement.",22,0.714827,0.737378,0.676078,0.677243,0.786646,0.777961,0.009101,0.009146,0.007995,0.0084,0.006153,0.009349,0.418457,0.456245,0.457865,0.41979,0.560415,0.466601,3023402,2902880,3770682,3409130,2210908,2613192,,,,,
CP.01,"Cyber-Physical Disruption (e.g., Stuxnet-like)",Recovery,"Physical repairs, IT/OT segmentation.",22,0.618839,0.62601,0.607669,0.788214,0.654276,0.733347,0.009792,0.007539,0.006783,0.005956,0.009962,0.008751,0.974022,0.974108,0.914167,0.922689,0.956875,0.953995,9404621,9804018,10743766,9398296,8906506,11078827,,,,,
SB.01,Satellite/5G Backhaul Sabotage,Forensics,"Signal interference analysis, attacker attribution.",22,0.284625,0.272404,0.244574,0.151373,0.153321,0.250989,0.005905,0.007865,0.008262,0.009292,0.009352,0.006426,0.882767,0.841309,0.811435,0.853879,0.821448,0.872593,2156031,2226600,2583004,2778775,2241626,2593273,,,,,
SB.01,Satellite/5G Backhaul Sabotage,Legal Support,"International space law, FCC compliance.",22,0.220976,0.100875,0.222009,0.11646,0.220959,0.218577,0.005993,0.008574,0.008141,0.009623,0.008433,0.005381,0.864031,0.821055,0.767494,0.756643,0.866158,0.731718,1694812,2116017,2435861,1924776,2173757,1680449,,,,,
SB.01,Satellite/5G Backhaul Sabotage,Negotiation,"International space law, FCC compliance.",22,0.197189,0.260347,0.121848,0.133337,0.264846,0.270006,0.00668,0.007486,0.005706,0.008645,0.007591,0.008863,0.419754,0.595148,0.529866,0.541462,0.444336,0.57856,2229757,1900730,2231793,1920992,2214749,1753343,,,,,
SB.01,Satellite/5G Backhaul Sabotage,Recovery,"Backup networks, signal hardening.",22,0.127218,0.231171,0.104136,0.209533,0.14662,0.184532,0.009372,0.009576,0.005425,0.009347,0.006946,0.00636,0.954811,0.969255,0.963061,0.908725,0.915146,0.914251,8557681,6972545,7446658,9055001,6898106,7707001,,,,,
SC.01,Supply Chain Compromise (Software Vendor),Forensics,"Trace compromise across supply chain (e.g., code audits, vendor logs analysis); requires specialized tools like blockchain-led provenance checkers.",23,0.144278,0.155085,0.104315,0.18166,0.188462,0.116136,0.041429,0.036303,0.040512,0.035308,0.036615,0.049966,0.922353,0.923575,0.843871,0.858003,0.906961,0.863933,2854051,2342299,3310999,3035024,3408839,2195875,,,,,
SC.01,Supply Chain Compromise (Software Vendor),Legal Support,"Vendor liability assessments, regulatory notifications (e.g., SEC filings), potential lawsuits.",23,0.154562,0.196084,0.163486,0.175907,0.183316,0.153242,0.048277,0.037774,0.039367,0.045795,0.038516,0.04393,0.713576,0.711344,0.800788,0.762003,0.86629,0.793255,2324196,2942987,1579969,2377135,2334189,2672210,,,,,
SC.01,Supply Chain Compromise (Software Vendor),Negotiation,"Vendor liability assessments, regulatory notifications (e.g., SEC filings), potential lawsuits.",23,0.187646,0.16428,0.104006,0.140204,0.161329,0.101614,0.038605,0.046769,0.041843,0.034578,0.030782,0.044058,0.460605,0.416967,0.457368,0.495451,0.405366,0.485878,2394434,2735257,2142949,2289384,2502612,2744621,,,,,
SC.01,Supply Chain Compromise (Software Vendor),Recovery,"Full software rollback, patching, and supplier diversification; downtime heavy.",23,0.194316,0.143794,0.110304,0.149425,0.175135,0.139138,0.031512,0.049564,0.048236,0.045529,0.030042,0.043468,0.923769,0.977541,0.965298,0.914359,0.922887,0.961152,10441476,9256012,7003852,7856249,10752801,7989515,,,,,
CM.01,Cloud Misconfiguration Leading to Massive Breach,Forensics,"Config audits, exfiltration tracing.",23,0.730134,0.756135,0.790965,0.635494,0.611949,0.653169,0.083717,0.075684,0.061879,0.093157,0.092406,0.064649,0.890511,0.898684,0.944328,0.931585,0.894304,0.813178,1334624,1157699,1193223,1379630,1444402,1052599,,,,,
CM.01,Cloud Misconfiguration Leading to Massive Breach,Legal Support,"Breach notifications, fines (e.g., GDPR).",23,0.647771,0.795449,0.780202,0.735987,0.607737,0.776106,0.061828,0.066008,0.098351,0.085832,0.097792,0.09926,0.713567,0.731159,0.827783,0.819611,0.817564,0.896758,1314588,956157,1229604,934847,948574,1334520,,,,,
CM.01,Cloud Misconfiguration Leading to Massive Breach,Negotiation,"Breach notifications, fines (e.g., GDPR).",23,0.628711,0.747519,0.776504,0.679613,0.625928,0.778882,0.094193,0.068375,0.082512,0.056898,0.094294,0.064243,0.534489,0.499648,0.479606,0.536306,0.470661,0.459086,965479,1225193,1393651,1305219,1125216,1283795,,,,,
CM.01,Cloud Misconfiguration Leading to Massive Breach,Recovery,"Reconfigure, data restoration.",23,0.754837,0.65437,0.650137,0.619653,0.736507,0.708053,0.068078,0.066043,0.0765,0.058474,0.087757,0.077819,0.91843,0.926241,0.91072,0.950845,0.950701,0.975704,4013268,3397084,3375392,3447514,3873220,3669172,,,,,
ZD.01,Zero-Day Exploit in Niche Software,Forensics,"Exploit reverse engineering, vuln hunting.",23,0.05521,0.087043,0.086524,0.09441,0.068489,0.109437,0.017152,0.015759,0.010436,0.015602,0.016256,0.016329,0.934873,0.925834,0.818226,0.812411,0.840703,0.888676,1735446,1917857,1924149,1732222,1992947,1964876,,,,,
ZD.01,Zero-Day Exploit in Niche Software,Legal Support,"Vendor disputes, breach reporting.",23,0.096866,0.132784,0.066838,0.121356,0.104292,0.139542,0.016212,0.014362,0.012422,0.010347,0.019086,0.012984,0.892294,0.751294,0.729002,0.877075,0.877267,0.83745,1394103,1096849,1357551,1327195,1333276,1015915,,,,,
ZD.01,Zero-Day Exploit in Niche Software,Negotiation,"Vendor disputes, breach reporting.",23,0.104682,0.132156,0.071128,0.062348,0.073629,0.064476,0.013013,0.011402,0.010326,0.016764,0.019462,0.013826,0.503077,0.412295,0.426151,0.471813,0.506137,0.432596,1030857,1263820,1484336,1147014,1322863,1247713,,,,,
ZD.01,Zero-Day Exploit in Niche Software,Recovery,"Custom patching, system scans.",23,0.104104,0.086833,0.14322,0.087716,0.110059,0.054815,0.014622,0.019746,0.010054,0.012097,0.013107,0.011223,0.965479,0.908624,0.924623,0.97193,0.924036,0.901634,4898346,4970609,5184821,5277131,5158572,5454165,,,,,
BC.01,Blockchain/Crypto-Jacking in DeFi,Forensics,"Blockchain transaction tracing (e.g., Chainalysis tools).",23,0.101214,0.228983,0.294294,0.108709,0.200536,0.114064,0.027914,0.010303,0.029566,0.022483,0.021495,0.015592,0.81352,0.865112,0.920203,0.881074,0.803694,0.838786,2481560,2960484,1989648,2558216,1106512,1102537,,,,,
BC.01,Blockchain/Crypto-Jacking in DeFi,Legal Support,"Crypto recovery lawsuits, SEC compliance.",23,0.295391,0.125448,0.14046,0.263269,0.242146,0.25989,0.024936,0.022885,0.021142,0.021612,0.010793,0.011475,0.770821,0.81685,0.738926,0.819134,0.729794,0.885466,1371474,3570916,1957893,2794264,3628220,1673392,,,,,
BC.01,Blockchain/Crypto-Jacking in DeFi,Negotiation,"Crypto recovery lawsuits, SEC compliance.",23,0.121158,0.27727,0.205923,0.117188,0.211189,0.21084,0.02753,0.022823,0.022671,0.025219,0.013011,0.02019,0.450438,0.42304,0.44968,0.477076,0.474273,0.553627,3832345,2450643,2101808,3726421,3800311,3282293,,,,,
BC.01,Blockchain/Crypto-Jacking in DeFi,Recovery,"Protocol forks, fund reimbursements.",23,0.279743,0.212649,0.231987,0.261113,0.28027,0.257707,0.01082,0.022485,0.02526,0.019372,0.026843,0.027777,0.916614,0.915392,0.916584,0.932394,0.909474,0.934927,6955750,6031503,6303700,7436642,4008356,5462585,,,,,
SC.01,Supply Chain Compromise (Software Vendor),Forensics,"Trace compromise across supply chain (e.g., code audits, vendor logs analysis); requires specialized tools like blockchain-led provenance checkers.",31,0.153983,0.184667,0.132001,0.147661,0.13593,0.120367,0.046108,0.030423,0.046487,0.037206,0.04026,0.044544,0.826422,0.813413,0.866717,0.889101,0.809226,0.915896,3301533,2702934,3945358,3627004,3145881,3619914,,,,,
SC.01,Supply Chain Compromise (Software Vendor),Legal Support,"Vendor liability assessments, regulatory notifications (e.g., SEC filings), potential lawsuits.",31,0.130678,0.137226,0.117834,0.197577,0.191448,0.110083,0.046485,0.048525,0.036371,0.038007,0.04065,0.040108,0.701919,0.710424,0.761097,0.888654,0.800335,0.831395,2094104,2772841,2278995,2517839,2600862,2829899,,,,,
SC.01,Supply Chain Compromise (Software Vendor),Negotiation,"Vendor liability assessments, regulatory notifications (e.g., SEC filings), potential lawsuits.",31,0.137331,0.124783,0.137237,0.157603,0.13862,0.173378,0.032314,0.037173,0.03053,0.043635,0.03442,0.031407,0.515009,0.546078,0.511032,0.425193,0.523361,0.485082,1746548,2859541,1984308,2358547,1573294,2716625,,,,,
SC.01,Supply Chain Compromise (Software Vendor),Recovery,"Full software rollback, patching, and supplier diversification; downtime heavy.",31,0.156519,0.104793,0.194148,0.148036,0.198792,0.110406,0.036714,0.031921,0.039379,0.034792,0.031077,0.048087,0.919959,0.965416,0.965228,0.931627,0.904652,0.97387,10865827,6970160,6884570,9896700,9525740,10454512,,,,,
IO.01,IoT/OT Zero-Day Exploitation,Forensics,"Device log analysis, zero-day reverse engineering.",31,0.138802,0.056436,0.144343,0.125013,0.11672,0.12676,0.015059,0.013213,0.018917,0.019853,0.014733,0.013537,0.871222,0.827224,0.915613,0.896119,0.913507,0.887581,1637907,1362049,1796324,1456284,1374464,1732917,,,,,
IO.01,IoT/OT Zero-Day Exploitation,Legal Support,"Compliance with ICS standards (e.g., IEC 62443).",31,0.146635,0.0544,0.067712,0.092227,0.141511,0.142724,0.01582,0.019007,0.015539,0.012737,0.013576,0.013555,0.811934,0.854726,0.702322,0.864517,0.788119,0.754447,1080413,1264955,1240643,1462954,1144446,1010099,,,,,
IO.01,IoT/OT Zero-Day Exploitation,Negotiation,"Compliance with ICS standards (e.g., IEC 62443).",31,0.087535,0.140268,0.077053,0.087951,0.117956,0.06323,0.016687,0.012545,0.013463,0.016341,0.015321,0.019256,0.427229,0.592281,0.483824,0.458191,0.540532,0.412966,1342469,1172847,1394593,1343248,1332816,1485468,,,,,
IO.01,IoT/OT Zero-Day Exploitation,Recovery,"Patch/firmware updates, device replacement.",31,0.125207,0.104104,0.116161,0.106453,0.075524,0.112139,0.010099,0.010743,0.01079,0.017797,0.011508,0.010967,0.966256,0.903574,0.951155,0.902954,0.932388,0.932038,4367246,4485825,4417178,4355010,3805993,4444360,,,,,
EC.01,Edge Computing Exploit (Zero-Day in Distributed Systems),Forensics,"Edge network logs, exploit reconstruction.",31,0.103322,0.060513,0.078799,0.149548,0.116092,0.10425,0.019501,0.020448,0.011778,0.029006,0.029115,0.01381,0.889001,0.842683,0.846846,0.845108,0.917999,0.863462,1712871,2187345,1520219,1649444,2076277,2410973,,,,,
EC.01,Edge Computing Exploit (Zero-Day in Distributed Systems),Legal Support,Compliance with data protection laws.,31,0.118673,0.126651,0.154737,0.156373,0.136697,0.116154,0.017256,0.027509,0.014288,0.014365,0.017992,0.023823,0.769701,0.758345,0.894942,0.761484,0.779695,0.711169,1478953,1204312,1460745,1338776,1144910,1286949,,,,,
EC.01,Edge Computing Exploit (Zero-Day in Distributed Systems),Negotiation,Compliance with data protection laws.,31,0.083835,0.07608,0.132147,0.110502,0.110442,0.09914,0.017646,0.011217,0.02571,0.02989,0.028135,0.016295,0.447566,0.597076,0.470176,0.45897,0.427203,0.587556,1116811,1031772,1250663,1154645,1412064,1298713,,,,,
EC.01,Edge Computing Exploit (Zero-Day in Distributed Systems),Recovery,"Firmware updates, edge reconfiguration.",31,0.091195,0.11427,0.084632,0.071358,0.14577,0.081139,0.015021,0.012503,0.020279,0.017976,0.012666,0.016548,0.903841,0.922977,0.967129,0.927041,0.914694,0.966118,4698530,4715125,5342708,5400948,5423670,5172149,,,,,
SC.01,Supply Chain Compromise (Software Vendor),Forensics,"Trace compromise across supply chain (e.g., code audits, vendor logs analysis); requires specialized tools like blockchain-led provenance checkers.",32,0.113183,0.118541,0.178275,0.157367,0.193531,0.193778,0.042947,0.03961,0.032172,0.047635,0.031846,0.047666,0.856028,0.921499,0.861215,0.877618,0.860911,0.839529,3848687,3034506,3678187,2861442,3313320,2933659,,,,,
SC.01,Supply Chain Compromise (Software Vendor),Legal Support,"Vendor liability assessments, regulatory notifications (e.g., SEC filings), potential lawsuits.",32,0.181909,0.17602,0.173871,0.146393,0.180123,0.132608,0.044296,0.044083,0.044304,0.047145,0.032749,0.039466,0.783982,0.889081,0.810906,0.77284,0.8905,0.729503,1690167,1601067,1679171,2718483,2288715,1948251,,,,,
SC.01,Supply Chain Compromise (Software Vendor),Negotiation,"Vendor liability assessments, regulatory notifications (e.g., SEC filings), potential lawsuits.",32,0.165586,0.119628,0.162267,0.124759,0.159644,0.115685,0.045763,0.045583,0.047828,0.04285,0.030042,0.035471,0.559531,0.55722,0.555339,0.49935,0.444405,0.566473,1767301,2206741,2905948,2481202,1518494,2595442,,,,,
SC.01,Supply Chain Compromise (Software Vendor),Recovery,"Full software rollback, patching, and supplier diversification; downtime heavy.",32,0.172757,0.129457,0.100623,0.162237,0.160671,0.173982,0.031664,0.031528,0.031544,0.036335,0.040469,0.042271,0.905816,0.903067,0.961834,0.95434,0.961577,0.905085,7832202,7301086,7213278,7579067,9830951,10081495,,,,,
IO.01,IoT/OT Zero-Day Exploitation,Forensics,"Device log analysis, zero-day reverse engineering.",32,0.073656,0.149715,0.060474,0.136372,0.109821,0.050824,0.010193,0.018185,0.013914,0.019475,0.016064,0.015169,0.920018,0.911063,0.816946,0.889554,0.901264,0.907869,1235939,1560539,1617880,1260967,1734191,1310099,,,,,
IO.01,IoT/OT Zero-Day Exploitation,Legal Support,"Compliance with ICS standards (e.g., IEC 62443).",32,0.092578,0.108681,0.052703,0.064819,0.092946,0.071355,0.015552,0.011741,0.010849,0.015222,0.013125,0.012629,0.717121,0.772156,0.760893,0.872506,0.719009,0.843093,1135169,1360180,1308444,1167135,1337538,1025976,,,,,
IO.01,IoT/OT Zero-Day Exploitation,Negotiation,"Compliance with ICS standards (e.g., IEC 62443).",32,0.117762,0.065854,0.075234,0.132265,0.086371,0.067444,0.015472,0.01199,0.013979,0.018608,0.012103,0.012565,0.422444,0.503121,0.434277,0.402782,0.5826,0.525623,1327519,1420168,1337229,1321346,1034767,1120462,,,,,
IO.01,IoT/OT Zero-Day Exploitation,Recovery,"Patch/firmware updates, device replacement.",32,0.083942,0.054825,0.08988,0.091664,0.067867,0.082249,0.019117,0.014926,0.012463,0.016064,0.017159,0.015346,0.97167,0.95275,0.913286,0.953937,0.928825,0.962698,4667714,4536561,4471067,4362279,4011706,4495342,,,,,
EC.01,Edge Computing Exploit (Zero-Day in Distributed Systems),Forensics,"Edge network logs, exploit reconstruction.",32,0.169169,0.061526,0.15386,0.164386,0.150757,0.176085,0.022083,0.010395,0.012042,0.01674,0.020231,0.019773,0.877769,0.880584,0.927241,0.863184,0.936374,0.921091,1751025,1662722,2186868,2368382,2480871,1565979,,,,,
EC.01,Edge Computing Exploit (Zero-Day in Distributed Systems),Legal Support,Compliance with data protection laws.,32,0.135019,0.18145,0.111125,0.056047,0.171926,0.18708,0.01242,0.015045,0.01307,0.017464,0.015964,0.019697,0.711608,0.758586,0.811504,0.88184,0.802032,0.853007,1276958,1340330,1459055,1254483,1019767,1145978,,,,,
EC.01,Edge Computing Exploit (Zero-Day in Distributed Systems),Negotiation,Compliance with data protection laws.,32,0.178432,0.102298,0.129781,0.102954,0.074645,0.096472,0.022541,0.011947,0.027124,0.023061,0.010248,0.027506,0.428217,0.476188,0.420196,0.522551,0.474409,0.484072,1205209,1170056,1472123,1450979,1435801,1288206,,,,,
EC.01,Edge Computing Exploit (Zero-Day in Distributed Systems),Recovery,"Firmware updates, edge reconfiguration.",32,0.055512,0.17468,0.156598,0.057732,0.084872,0.1921,0.018998,0.021574,0.015354,0.029676,0.015915,0.018051,0.951413,0.979264,0.941203,0.94412,0.928016,0.976155,4576162,4902596,5397051,4551968,5165542,5252798,,,,,
SC.01,Supply Chain Compromise (Software Vendor),Forensics,"Trace compromise across supply chain (e.g., code audits, vendor logs analysis); requires specialized tools like blockchain-led provenance checkers.",33,0.135724,0.172074,0.190263,0.193515,0.114236,0.187376,0.037918,0.042304,0.041344,0.042698,0.042825,0.042828,0.889609,0.803574,0.934585,0.875499,0.860007,0.823005,3281482,3216499,2437903,2120416,3591103,3498469,,,,,
SC.01,Supply Chain Compromise (Software Vendor),Legal Support,"Vendor liability assessments, regulatory notifications (e.g., SEC filings), potential lawsuits.",33,0.115879,0.123131,0.165311,0.121282,0.151147,0.146404,0.040361,0.044002,0.047202,0.040044,0.030299,0.046416,0.86797,0.805676,0.826724,0.799312,0.889975,0.748712,1592929,2577637,2789796,2288178,1824701,1914778,,,,,
SC.01,Supply Chain Compromise (Software Vendor),Negotiation,"Vendor liability assessments, regulatory notifications (e.g., SEC filings), potential lawsuits.",33,0.194735,0.139909,0.101095,0.11196,0.150231,0.15074,0.04988,0.043748,0.037256,0.044875,0.040033,0.036987,0.462435,0.59394,0.535813,0.454688,0.465599,0.474676,2716652,1955201,2431334,2962737,2901888,2988609,,,,,
SC.01,Supply Chain Compromise (Software Vendor),Recovery,"Full software rollback, patching, and supplier diversification; downtime heavy.",33,0.139575,0.120029,0.175872,0.107083,0.178,0.123617,0.033914,0.045945,0.041877,0.043831,0.03479,0.031012,0.952698,0.941993,0.958505,0.91645,0.947204,0.917195,7724088,7962625,10617028,8662281,6555720,6656967,,,,,
IO.01,IoT/OT Zero-Day Exploitation,Forensics,"Device log analysis, zero-day reverse engineering.",33,0.1318,0.118342,0.05532,0.136023,0.105611,0.130737,0.015448,0.012019,0.019533,0.013039,0.013554,0.010674,0.81511,0.872243,0.947496,0.810837,0.804044,0.821341,1215237,1342560,1728307,1749542,1269329,1263837,,,,,
IO.01,IoT/OT Zero-Day Exploitation,Legal Support,"Compliance with ICS standards (e.g., IEC 62443).",33,0.084338,0.090689,0.108034,0.084132,0.123716,0.068865,0.019531,0.014937,0.012807,0.014899,0.017162,0.015653,0.743823,0.86529,0.821302,0.784931,0.706212,0.792632,1264908,1037417,1369779,1038481,1155194,1074723,,,,,
IO.01,IoT/OT Zero-Day Exploitation,Negotiation,"Compliance with ICS standards (e.g., IEC 62443).",33,0.11543,0.144456,0.111376,0.109091,0.083188,0.077757,0.017514,0.011749,0.017066,0.013967,0.013949,0.016422,0.561011,0.565758,0.54373,0.556143,0.520157,0.518234,1210946,1116270,1362923,1185450,1139139,1336196,,,,,
IO.01,IoT/OT Zero-Day Exploitation,Recovery,"Patch/firmware updates, device replacement.",33,0.127804,0.073086,0.092702,0.097041,0.055525,0.103626,0.010577,0.019872,0.018145,0.013453,0.011523,0.012886,0.919475,0.969847,0.916417,0.93286,0.922846,0.926052,3829293,4255459,4424084,4129219,4446320,3930517,,,,,
EC.01,Edge Computing Exploit (Zero-Day in Distributed Systems),Forensics,"Edge network logs, exploit reconstruction.",33,0.069457,0.097727,0.197435,0.084942,0.076723,0.189761,0.028499,0.014221,0.010366,0.025287,0.024054,0.023234,0.915631,0.932125,0.879366,0.8605,0.887097,0.855498,2461510,2188820,2144371,1735041,1582492,2060078,,,,,
EC.01,Edge Computing Exploit (Zero-Day in Distributed Systems),Legal Support,Compliance with data protection laws.,33,0.179433,0.050151,0.102349,0.138471,0.121331,0.12614,0.022586,0.012916,0.019229,0.012302,0.011755,0.029873,0.881069,0.701195,0.829021,0.792354,0.778714,0.879984,1220338,1402234,1130173,1426660,1437734,1270045,,,,,
EC.01,Edge Computing Exploit (Zero-Day in Distributed Systems),Negotiation,Compliance with data protection laws.,33,0.159723,0.12227,0.105935,0.134302,0.145222,0.095306,0.013661,0.019462,0.026178,0.029461,0.013288,0.010068,0.544708,0.485955,0.539274,0.428472,0.54973,0.498419,1178102,1262218,1433213,1059504,1232017,1435302,,,,,
EC.01,Edge Computing Exploit (Zero-Day in Distributed Systems),Recovery,"Firmware updates, edge reconfiguration.",33,0.057864,0.108212,0.123375,0.154811,0.116813,0.057697,0.028716,0.012898,0.021594,0.018823,0.017512,0.025655,0.910774,0.915989,0.90397,0.909476,0.969833,0.910148,4716627,4643207,4701096,5212059,4769119,5483716,,,,,
QC.01,Quantum Computing Crypto Break,Forensics,"Quantum-resistant analysis of broken keys, breach tracing.",42,0.007877,0.008861,0.002468,0.00603,0.000062,0.008415,0.000474,0.000101,0.000707,0.00041,0.000339,0.000966,0.882244,0.941901,0.929477,0.931032,0.807063,0.823387,3517185,3703728,3549108,4550807,4697375,4929612,,,,,
QC.01,Quantum Computing Crypto Break,Legal Support,"Data protection lawsuits, regulatory audits (e.g., NIST post-quantum standards).",42,0.002347,0.002967,0.008583,0.005346,0.002758,0.001277,0.000524,0.000063,0.000447,0.000196,0.000058,0.000275,0.752104,0.850165,0.867895,0.704852,0.72537,0.785157,2528859,2082200,2142715,3544137,2708402,2280806,,,,,
QC.01,Quantum Computing Crypto Break,Negotiation,"Data protection lawsuits, regulatory audits (e.g., NIST post-quantum standards).",42,0.000859,0.005098,0.002796,0.000725,0.000118,0.008415,0.000446,0.000284,0.00057,0.000736,0.000403,0.000311,0.520942,0.421268,0.549399,0.516173,0.550223,0.429906,2298050,3732357,2314086,3288007,3068510,2814726,,,,,
QC.01,Quantum Computing Crypto Break,Recovery,"Migrate to quantum-safe crypto (e.g., lattice-based).",42,0.002594,0.001039,0.003982,0.007239,0.004379,0.005083,0.000352,0.000658,0.000408,0.000276,0.000607,0.000229,0.911774,0.902959,0.976638,0.912973,0.975734,0.945254,13001987,10749929,12812714,10526171,14738788,13747289,,,,,
SC.01,Supply Chain Compromise (Software Vendor),Forensics,"Trace compromise across supply chain (e.g., code audits, vendor logs analysis); requires specialized tools like blockchain-led provenance checkers.",44,0.132802,0.1917,0.18922,0.183322,0.117376,0.177516,0.044701,0.040152,0.036976,0.04165,0.035321,0.049967,0.822503,0.800698,0.86728,0.91971,0.812185,0.894737,3718048,3158855,3213300,2907130,2657854,2651106,,,,,
SC.01,Supply Chain Compromise (Software Vendor),Legal Support,"Vendor liability assessments, regulatory notifications (e.g., SEC filings), potential lawsuits.",44,0.194448,0.18616,0.100542,0.110686,0.193929,0.116586,0.048483,0.041641,0.04154,0.034652,0.037724,0.043431,0.762602,0.776729,0.715266,0.875291,0.779268,0.71961,1984118,2237063,2517094,1854355,2901374,1671482,,,,,
SC.01,Supply Chain Compromise (Software Vendor),Negotiation,"Vendor liability assessments, regulatory notifications (e.g., SEC filings), potential lawsuits.",44,0.168931,0.110906,0.150831,0.171803,0.117518,0.193081,0.033687,0.048465,0.044989,0.037886,0.030309,0.034799,0.42231,0.584965,0.512588,0.409215,0.506573,0.564662,1936080,2063689,2001590,1838130,2831296,1787214,,,,,
SC.01,Supply Chain Compromise (Software Vendor),Recovery,"Full software rollback, patching, and supplier diversification; downtime heavy.",44,0.191835,0.180947,0.108823,0.1017,0.165219,0.129213,0.032379,0.031872,0.047486,0.030953,0.039727,0.049631,0.966121,0.903813,0.923195,0.967571,0.943597,0.928832,8831404,6552800,8118105,10655021,10178807,7059776,,,,,
CM.01,Cloud Misconfiguration Leading to Massive Breach,Forensics,"Config audits, exfiltration tracing.",44,0.607406,0.70444,0.712426,0.616253,0.662502,0.66758,0.082771,0.053451,0.053823,0.073997,0.06917,0.064151,0.80331,0.867865,0.89868,0.918259,0.849815,0.947679,1173186,1289200,1087015,1379781,1165502,1018020,,,,,
CM.01,Cloud Misconfiguration Leading to Massive Breach,Legal Support,"Breach notifications, fines (e.g., GDPR).",44,0.619435,0.760313,0.758823,0.675071,0.696061,0.6094,0.06828,0.080551,0.080546,0.077208,0.074972,0.093591,0.846079,0.770942,0.724487,0.800459,0.891962,0.779779,1025949,974871,930040,914234,925930,1260357,,,,,
CM.01,Cloud Misconfiguration Leading to Massive Breach,Negotiation,"Breach notifications, fines (e.g., GDPR).",44,0.74046,0.61195,0.688782,0.605574,0.713814,0.758033,0.095966,0.068655,0.051292,0.054103,0.051555,0.084781,0.448036,0.490185,0.474272,0.505715,0.421035,0.490056,1053224,1270679,908133,1375351,988427,1110370,,,,,
CM.01,Cloud Misconfiguration Leading to Massive Breach,Recovery,"Reconfigure, data restoration.",44,0.729813,0.791223,0.734558,0.795493,0.710225,0.614227,0.07645,0.062002,0.090101,0.078842,0.060963,0.098073,0.922403,0.910101,0.975024,0.97813,0.958433,0.918026,3258586,3926489,3730644,4019618,3989172,3302753,,,,,
ZD.01,Zero-Day Exploit in Niche Software,Forensics,"Exploit reverse engineering, vuln hunting.",44,0.069765,0.115156,0.130318,0.063282,0.060501,0.057986,0.010692,0.01254,0.018447,0.012486,0.01124,0.012947,0.815716,0.838518,0.946582,0.913663,0.826676,0.907677,1823252,1951238,1611632,1699122,1741191,1760138,,,,,
ZD.01,Zero-Day Exploit in Niche Software,Legal Support,"Vendor disputes, breach reporting.",44,0.052444,0.117338,0.124286,0.125514,0.145867,0.144014,0.011418,0.011871,0.010571,0.011448,0.016317,0.019468,0.873002,0.702972,0.855127,0.860231,0.797769,0.732756,1495983,1155576,1246959,1492803,1413845,1496858,,,,,
ZD.01,Zero-Day Exploit in Niche Software,Negotiation,"Vendor disputes, breach reporting.",44,0.129469,0.062255,0.132133,0.050359,0.13665,0.082227,0.017808,0.017353,0.013972,0.010196,0.017001,0.014882,0.441713,0.49361,0.55996,0.450002,0.440581,0.589058,1403031,1364476,1338411,1107243,1436235,1038244,,,,,
ZD.01,Zero-Day Exploit in Niche Software,Recovery,"Custom patching, system scans.",44,0.131011,0.110018,0.095701,0.128854,0.066263,0.063751,0.01385,0.015749,0.019884,0.010771,0.019148,0.011465,0.914545,0.900968,0.964946,0.976118,0.965723,0.920524,5468894,4605695,4921209,4595789,5409726,4656570,,,,,
BC.01,Blockchain/Crypto-Jacking in DeFi,Forensics,"Blockchain transaction tracing (e.g., Chainalysis tools).",44,0.019001,0.021222,0.039181,0.016025,0.049163,0.024015,0.006062,0.008124,0.007201,0.009422,0.009194,0.005954,0.819575,0.859098,0.83734,0.850596,0.868735,0.806424,1023460,1235449,1508809,2172306,1229489,1769254,,,,,
BC.01,Blockchain/Crypto-Jacking in DeFi,Legal Support,"Crypto recovery lawsuits, SEC compliance.",44,0.011993,0.028079,0.018466,0.024843,0.041268,0.022808,0.008267,0.00989,0.005092,0.006426,0.00905,0.005449,0.722478,0.728825,0.793067,0.787443,0.710616,0.818494,1753196,2541540,2049806,2209278,2346191,3600520,,,,,
BC.01,Blockchain/Crypto-Jacking in DeFi,Negotiation,"Crypto recovery lawsuits, SEC compliance.",44,0.021352,0.011111,0.012989,0.026574,0.023376,0.045173,0.006184,0.006021,0.009121,0.005104,0.009075,0.009044,0.525953,0.560271,0.461589,0.466115,0.433292,0.489251,3266309,3823593,2840862,1419178,2807285,3200909,,,,,
BC.01,Blockchain/Crypto-Jacking in DeFi,Recovery,"Protocol forks, fund reimbursements.",44,0.025733,0.017155,0.048389,0.026274,0.049341,0.017043,0.009227,0.009994,0.009337,0.008926,0.005105,0.008325,0.934525,0.951246,0.911872,0.972826,0.916844,0.948057,3428663,3274136,4243442,3274475,3841978,3779302,,,,,
SC.01,Supply Chain Compromise (Software Vendor),Forensics,"Trace compromise across supply chain (e.g., code audits, vendor logs analysis); requires specialized tools like blockchain-led provenance checkers.",45,0.148241,0.194722,0.171358,0.104307,0.128951,0.18058,0.031551,0.040636,0.033537,0.035108,0.042245,0.043261,0.896592,0.915776,0.937532,0.945697,0.879992,0.919149,3968353,3903152,3636327,2092716,2902756,2873621,,,,,
SC.01,Supply Chain Compromise (Software Vendor),Legal Support,"Vendor liability assessments, regulatory notifications (e.g., SEC filings), potential lawsuits.",45,0.142799,0.163666,0.144344,0.10134,0.128945,0.184583,0.033691,0.047253,0.040615,0.030949,0.037587,0.0384,0.71294,0.706081,0.869078,0.790884,0.721079,0.704673,2011918,2680057,2803393,2025755,1887792,1523063,,,,,
SC.01,Supply Chain Compromise (Software Vendor),Negotiation,"Vendor liability assessments, regulatory notifications (e.g., SEC filings), potential lawsuits.",45,0.195905,0.169771,0.173057,0.115083,0.138672,0.16433,0.031032,0.049691,0.034616,0.039021,0.037833,0.034401,0.500986,0.486934,0.581703,0.593543,0.463409,0.49154,2561013,2209263,2908713,2688680,2597286,1697996,,,,,
SC.01,Supply Chain Compromise (Software Vendor),Recovery,"Full software rollback, patching, and supplier diversification; downtime heavy.",45,0.179237,0.174805,0.186919,0.169756,0.18976,0.101734,0.035226,0.031509,0.037422,0.031436,0.034779,0.046866,0.972546,0.979752,0.959567,0.940511,0.9509,0.979219,6559662,10593017,9700593,6981528,7649555,7828619,,,,,
CM.01,Cloud Misconfiguration Leading to Massive Breach,Forensics,"Config audits, exfiltration tracing.",45,0.738556,0.684736,0.616702,0.732931,0.747082,0.754664,0.05285,0.099837,0.073855,0.070595,0.053152,0.079162,0.839147,0.909202,0.908039,0.841002,0.814998,0.855946,1185317,1317228,1490448,1065919,1194789,1398909,,,,,
CM.01,Cloud Misconfiguration Leading to Massive Breach,Legal Support,"Breach notifications, fines (e.g., GDPR).",45,0.777879,0.701772,0.609591,0.60197,0.690869,0.761821,0.089175,0.080612,0.085608,0.077433,0.074564,0.068867,0.778424,0.89835,0.891063,0.749697,0.824187,0.804971,1274182,1036978,1018752,1268707,1176101,1391223,,,,,
CM.01,Cloud Misconfiguration Leading to Massive Breach,Negotiation,"Breach notifications, fines (e.g., GDPR).",45,0.729572,0.64013,0.660398,0.636852,0.687694,0.739026,0.063868,0.050104,0.064313,0.067755,0.080309,0.090138,0.493946,0.535269,0.533612,0.500228,0.469536,0.483191,1263632,1055846,1196723,1309360,929461,900455,,,,,
CM.01,Cloud Misconfiguration Leading to Massive Breach,Recovery,"Reconfigure, data restoration.",45,0.78968,0.664731,0.756135,0.623924,0.751917,0.602598,0.094188,0.071198,0.097458,0.068014,0.058256,0.065676,0.932547,0.943039,0.937122,0.979929,0.948424,0.954288,3559930,3410918,3865976,3622510,4084005,3834535,,,,,
ZD.01,Zero-Day Exploit in Niche Software,Forensics,"Exploit reverse engineering, vuln hunting.",45,0.09731,0.09251,0.059414,0.093928,0.09194,0.09808,0.010969,0.015103,0.015149,0.017441,0.016632,0.011618,0.889725,0.808006,0.89807,0.802206,0.806876,0.815461,1865269,1912575,1855422,1716147,1590952,1626019,,,,,
ZD.01,Zero-Day Exploit in Niche Software,Legal Support,"Vendor disputes, breach reporting.",45,0.112619,0.142246,0.062776,0.099365,0.053823,0.059325,0.018664,0.010644,0.014774,0.016607,0.011996,0.016415,0.856895,0.818748,0.782648,0.837645,0.891081,0.843647,1291776,1366734,1402033,1160052,1085993,1384329,,,,,
ZD.01,Zero-Day Exploit in Niche Software,Negotiation,"Vendor disputes, breach reporting.",45,0.137285,0.146054,0.110204,0.112915,0.094977,0.11844,0.016927,0.019286,0.018529,0.013993,0.016044,0.011735,0.449915,0.53407,0.418274,0.496078,0.588169,0.525712,1492701,1218314,1150752,1076091,1343567,1164632,,,,,
ZD.01,Zero-Day Exploit in Niche Software,Recovery,"Custom patching, system scans.",45,0.078738,0.065368,0.053759,0.129428,0.103978,0.095278,0.014842,0.017729,0.011178,0.01285,0.017706,0.016597,0.934331,0.900412,0.917342,0.9115,0.972649,0.915129,4595976,5351266,4788893,5216012,4512803,4578832,,,,,
BC.01,Blockchain/Crypto-Jacking in DeFi,Forensics,"Blockchain transaction tracing (e.g., Chainalysis tools).",45,0.049446,0.046884,0.014982,0.034776,0.012174,0.013525,0.00764,0.007814,0.005508,0.006554,0.009336,0.008359,0.924048,0.871473,0.851683,0.918154,0.82236,0.929224,1639929,1213868,2260200,1949319,2808984,2972365,,,,,
BC.01,Blockchain/Crypto-Jacking in DeFi,Legal Support,"Crypto recovery lawsuits, SEC compliance.",45,0.014184,0.012798,0.047205,0.043333,0.015372,0.0448,0.008608,0.007823,0.005722,0.009356,0.009424,0.005579,0.878725,0.812106,0.841763,0.771593,0.848039,0.701958,3050253,2097023,3114261,1948668,2074250,3783188,,,,,
BC.01,Blockchain/Crypto-Jacking in DeFi,Negotiation,"Crypto recovery lawsuits, SEC compliance.",45,0.03863,0.038729,0.017377,0.02078,0.028074,0.033677,0.00742,0.009006,0.007696,0.007174,0.0066,0.009437,0.589037,0.48918,0.483882,0.433166,0.581882,0.531424,3989998,3147371,2747170,2799721,2127549,1354709,,,,,
BC.01,Blockchain/Crypto-Jacking in DeFi,Recovery,"Protocol forks, fund reimbursements.",45,0.041064,0.045711,0.012179,0.010065,0.041146,0.038359,0.005606,0.005566,0.008442,0.006465,0.006203,0.008545,0.92073,0.915537,0.953625,0.958846,0.952141,0.976181,4606401,5822437,6782853,5672180,3546293,6654835,,,,,
RN.01,Ransomware with Triple Extortion,Forensics,"Root cause analysis, malware reverse engineering.",48,0.600122,0.693507,0.796379,0.607081,0.685877,0.68881,0.092614,0.054098,0.079243,0.073492,0.062653,0.065613,0.853545,0.910678,0.910441,0.815426,0.904864,0.847551,1582751,1184135,1114104,1383357,1602531,1688308,,,,,
RN.01,Ransomware with Triple Extortion,Legal Support,"Ransom negotiations (if policy allows), compliance (e.g., GDPR fines).",48,0.681949,0.625188,0.790608,0.625517,0.616758,0.799596,0.091212,0.064543,0.05812,0.062225,0.078678,0.077899,0.79368,0.861067,0.731959,0.886209,0.814244,0.764938,1411721,971458,2360844,2305717,2484998,2147696,,,,,
RN.01,Ransomware with Triple Extortion,Negotiation,"Ransom negotiations (if policy allows), compliance (e.g., GDPR fines).",48,0.664173,0.787653,0.615975,0.627049,0.630014,0.751814,0.068468,0.082305,0.072217,0.098516,0.055682,0.050066,0.585096,0.511129,0.583182,0.454142,0.50388,0.514652,1019206,1917234,1913524,1045541,1357129,2023604,,,,,
RN.01,Ransomware with Triple Extortion,Recovery,"Decryption/backups, system rebuilds; downtime recovery.",48,0.759784,0.692016,0.702743,0.702886,0.708394,0.75117,0.07788,0.092545,0.079869,0.058804,0.051672,0.052925,0.902675,0.973753,0.92623,0.901962,0.919665,0.920217,5462600,5267696,5196341,4645378,4883608,5709631,,,,,
CP.01,"Cyber-Physical Disruption (e.g., Stuxnet-like)",Forensics,"OT malware analysis, physical impact assessment.",48,0.135327,0.121996,0.075226,0.085094,0.066163,0.146576,0.001875,0.003782,0.001522,0.003254,0.003742,0.001452,0.918652,0.888119,0.866811,0.933041,0.85385,0.868645,3001425,2981038,3436272,2644462,2665936,2532224,,,,,
CP.01,"Cyber-Physical Disruption (e.g., Stuxnet-like)",Legal Support,"Critical infra regulations (e.g., CISA), potential state actor involvement.",48,0.06073,0.064239,0.07597,0.094381,0.066171,0.115299,0.003527,0.002906,0.004785,0.002526,0.004609,0.002655,0.712584,0.784144,0.851887,0.780569,0.785327,0.851899,2565360,2688709,3860707,3506137,3940917,3726641,,,,,
CP.01,"Cyber-Physical Disruption (e.g., Stuxnet-like)",Negotiation,"Critical infra regulations (e.g., CISA), potential state actor involvement.",48,0.11379,0.083564,0.130685,0.065716,0.13068,0.122519,0.004113,0.002207,0.001685,0.001896,0.003953,0.004655,0.483848,0.542672,0.557967,0.575801,0.532266,0.487711,3801090,3474382,2551074,3122594,3699219,3692552,,,,,
CP.01,"Cyber-Physical Disruption (e.g., Stuxnet-like)",Recovery,"Physical repairs, IT/OT segmentation.",48,0.081539,0.119053,0.105595,0.147014,0.120766,0.145024,0.004701,0.004962,0.003065,0.00499,0.00309,0.003352,0.952639,0.950342,0.955761,0.96423,0.960973,0.943889,7598908,10048440,10030398,11953106,7950956,9673323,,,,,
EC.01,Edge Computing Exploit (Zero-Day in Distributed Systems),Forensics,"Edge network logs, exploit reconstruction.",48,0.125733,0.172883,0.188961,0.189675,0.069433,0.065861,0.017749,0.011221,0.016896,0.026147,0.010856,0.028281,0.839193,0.924691,0.871461,0.844215,0.935144,0.924111,2236934,1603312,2108708,2161150,1925558,2305393,,,,,
EC.01,Edge Computing Exploit (Zero-Day in Distributed Systems),Legal Support,Compliance with data protection laws.,48,0.108127,0.122511,0.107197,0.17989,0.187251,0.121397,0.028416,0.010175,0.015489,0.023599,0.017622,0.013399,0.841963,0.791323,0.875274,0.704359,0.820139,0.805141,1038586,1100694,1149324,1132794,1200559,1228494,,,,,
EC.01,Edge Computing Exploit (Zero-Day in Distributed Systems),Negotiation,Compliance with data protection laws.,48,0.151107,0.115886,0.116074,0.161618,0.17181,0.126737,0.012477,0.023407,0.013362,0.019407,0.023705,0.016823,0.517673,0.426838,0.558303,0.43278,0.522418,0.508849,1453114,1442459,1368756,1086783,1368780,1097160,,,,,
EC.01,Edge Computing Exploit (Zero-Day in Distributed Systems),Recovery,"Firmware updates, edge reconfiguration.",48,0.083522,0.100305,0.051474,0.12602,0.1979,0.113251,0.025781,0.028665,0.014499,0.029044,0.021706,0.026092,0.913793,0.932822,0.948015,0.925293,0.91465,0.92471,4975111,5042995,4761159,4882927,4810575,5443739,,,,,
SB.01,Satellite/5G Backhaul Sabotage,Forensics,"Signal interference analysis, attacker attribution.",48,0.022242,0.041214,0.018392,0.031349,0.010069,0.021611,0.001638,0.002782,0.001367,0.002574,0.001664,0.002431,0.871697,0.919909,0.886218,0.90489,0.806998,0.809842,2455923,2929752,2189384,2057612,2616403,2874384,,,,,
SB.01,Satellite/5G Backhaul Sabotage,Legal Support,"International space law, FCC compliance.",48,0.01723,0.049945,0.033609,0.037947,0.032226,0.012887,0.002328,0.002281,0.001032,0.002515,0.001692,0.002738,0.889661,0.762602,0.89788,0.815618,0.838674,0.871533,1697524,2320524,1504018,2469606,1698021,2168418,,,,,
SB.01,Satellite/5G Backhaul Sabotage,Negotiation,"International space law, FCC compliance.",48,0.014524,0.021666,0.036385,0.029813,0.033793,0.034924,0.001656,0.001818,0.001144,0.002947,0.00291,0.00134,0.487871,0.522354,0.432853,0.501374,0.462091,0.566878,1806733,2164368,2179683,2338449,2117040,2213164,,,,,
SB.01,Satellite/5G Backhaul Sabotage,Recovery,"Backup networks, signal hardening.",48,0.026366,0.042809,0.022287,0.020816,0.014066,0.012717,0.002099,0.001281,0.001341,0.002015,0.00251,0.002302,0.921329,0.931163,0.948275,0.961873,0.920389,0.917359,6833496,8916956,7767023,7819861,8278603,7691137,,,,,
RN.01,Ransomware with Triple Extortion,Forensics,"Root cause analysis, malware reverse engineering.",49,0.724874,0.715827,0.796567,0.624492,0.794537,0.745562,0.086538,0.067684,0.055822,0.098756,0.058534,0.080692,0.883941,0.903661,0.82862,0.915797,0.914218,0.879976,1211431,1504887,1066937,1485631,1168183,1955410,,,,,
RN.01,Ransomware with Triple Extortion,Legal Support,"Ransom negotiations (if policy allows), compliance (e.g., GDPR fines).",49,0.726526,0.686468,0.658066,0.714551,0.709673,0.762152,0.06504,0.079455,0.077495,0.098206,0.090742,0.059431,0.742775,0.718098,0.81815,0.728045,0.7639,0.857472,1557174,2116218,1851516,1871462,1565288,1455770,,,,,
RN.01,Ransomware with Triple Extortion,Negotiation,"Ransom negotiations (if policy allows), compliance (e.g., GDPR fines).",49,0.627381,0.712735,0.79863,0.774938,0.704401,0.67639,0.067169,0.096066,0.079274,0.065573,0.059194,0.054118,0.509837,0.506711,0.526971,0.409113,0.442818,0.446407,1790777,1699883,928382,2457247,1367770,1733410,,,,,
RN.01,Ransomware with Triple Extortion,Recovery,"Decryption/backups, system rebuilds; downtime recovery.",49,0.755247,0.709429,0.787477,0.620898,0.69253,0.721119,0.05161,0.079095,0.059085,0.056416,0.063358,0.077868,0.900093,0.96184,0.970254,0.965558,0.909731,0.924361,3084329,5396880,5438332,3668357,3774316,3999902,,,,,
CP.01,"Cyber-Physical Disruption (e.g., Stuxnet-like)",Forensics,"OT malware analysis, physical impact assessment.",49,0.123366,0.053122,0.080346,0.05045,0.107995,0.054048,0.003431,0.002193,0.004019,0.001738,0.003737,0.004009,0.886354,0.921692,0.841345,0.918497,0.825598,0.803657,2870844,3464762,3494415,3483781,2714860,3505452,,,,,
CP.01,"Cyber-Physical Disruption (e.g., Stuxnet-like)",Legal Support,"Critical infra regulations (e.g., CISA), potential state actor involvement.",49,0.094609,0.10364,0.144941,0.088901,0.131269,0.071623,0.004057,0.004993,0.004648,0.004949,0.003922,0.004887,0.747006,0.853212,0.768881,0.769785,0.707171,0.801095,3843436,3715317,3106718,3211231,2297173,2027692,,,,,
CP.01,"Cyber-Physical Disruption (e.g., Stuxnet-like)",Negotiation,"Critical infra regulations (e.g., CISA), potential state actor involvement.",49,0.133397,0.098187,0.129287,0.102842,0.079867,0.144911,0.002566,0.001269,0.002032,0.001986,0.003175,0.002394,0.579736,0.569928,0.519345,0.504232,0.488997,0.577246,2019753,3412006,2245399,2295027,3413154,2017537,,,,,
CP.01,"Cyber-Physical Disruption (e.g., Stuxnet-like)",Recovery,"Physical repairs, IT/OT segmentation.",49,0.129834,0.06434,0.135317,0.06461,0.129823,0.142176,0.002287,0.004538,0.001112,0.003179,0.001209,0.004343,0.904746,0.966388,0.929761,0.954733,0.956364,0.97095,8505012,9474969,11523648,11823820,9965963,8625424,,,,,
EC.01,Edge Computing Exploit (Zero-Day in Distributed Systems),Forensics,"Edge network logs, exploit reconstruction.",49,0.125359,0.189915,0.144534,0.145857,0.102886,0.108879,0.014177,0.012891,0.023724,0.011501,0.024506,0.026361,0.809613,0.914633,0.932648,0.942996,0.925636,0.926743,2157729,1840242,2015818,2349286,2454816,2179959,,,,,
EC.01,Edge Computing Exploit (Zero-Day in Distributed Systems),Legal Support,Compliance with data protection laws.,49,0.07005,0.075222,0.169854,0.159183,0.186531,0.113814,0.01897,0.027918,0.022834,0.025776,0.010775,0.027244,0.87382,0.709719,0.869199,0.768866,0.717253,0.736624,1153916,1404169,1385054,1202271,1458317,1093516,,,,,
EC.01,Edge Computing Exploit (Zero-Day in Distributed Systems),Negotiation,Compliance with data protection laws.,49,0.125376,0.168137,0.089491,0.141705,0.085116,0.160989,0.011689,0.018429,0.011364,0.02937,0.010889,0.01675,0.591664,0.589918,0.544669,0.439707,0.565612,0.508719,1433434,1375964,1036630,1313131,1089626,1025290,,,,,
EC.01,Edge Computing Exploit (Zero-Day in Distributed Systems),Recovery,"Firmware updates, edge reconfiguration.",49,0.196989,0.090743,0.078342,0.161009,0.171797,0.117217,0.029894,0.024724,0.011096,0.020388,0.021237,0.027485,0.941213,0.931734,0.958337,0.958242,0.910169,0.913504,4723490,5481730,4986471,5416489,5201066,4660935,,,,,
SB.01,Satellite/5G Backhaul Sabotage,Forensics,"Signal interference analysis, attacker attribution.",49,0.027051,0.033842,0.016637,0.01749,0.03841,0.045939,0.001813,0.002255,0.002325,0.00137,0.002328,0.001867,0.895202,0.840097,0.861215,0.845017,0.811397,0.857871,2414693,2178243,2577603,2491301,2240455,2666067,,,,,
SB.01,Satellite/5G Backhaul Sabotage,Legal Support,"International space law, FCC compliance.",49,0.036563,0.033639,0.019007,0.037297,0.046305,0.015085,0.001668,0.002577,0.0022,0.001019,0.00262,0.002135,0.792458,0.72056,0.810636,0.745656,0.709357,0.718934,2478387,1938331,1764199,2471307,1803989,2212430,,,,,
SB.01,Satellite/5G Backhaul Sabotage,Negotiation,"International space law, FCC compliance.",49,0.013284,0.041877,0.046347,0.04964,0.014685,0.021398,0.001304,0.001965,0.001016,0.001181,0.002388,0.002551,0.532608,0.518376,0.587153,0.508028,0.416963,0.583299,1845341,2470352,2049785,2149700,1900667,1907966,,,,,
SB.01,Satellite/5G Backhaul Sabotage,Recovery,"Backup networks, signal hardening.",49,0.018848,0.031671,0.047466,0.024781,0.033489,0.020328,0.002455,0.002531,0.001598,0.001242,0.001948,0.001071,0.971534,0.90346,0.918883,0.91691,0.96705,0.935187,9369654,8728376,6932845,6881147,9372862,9182887,,,,,
CM.01,Cloud Misconfiguration Leading to Massive Breach,Forensics,"Config audits, exfiltration tracing.",51,0.654269,0.774349,0.710349,0.66726,0.683754,0.601353,0.099875,0.06926,0.096918,0.060589,0.069728,0.06928,0.840947,0.832462,0.821551,0.939159,0.937817,0.871063,1236194,1450288,1339341,1103555,1394736,1160406,,,,,
CM.01,Cloud Misconfiguration Leading to Massive Breach,Legal Support,"Breach notifications, fines (e.g., GDPR).",51,0.768594,0.741968,0.644456,0.768614,0.746326,0.64447,0.063804,0.063667,0.083735,0.096873,0.086311,0.06874,0.755109,0.798166,0.853902,0.857006,0.785315,0.73141,1102232,1339527,966143,1367949,1391393,1028138,,,,,
CM.01,Cloud Misconfiguration Leading to Massive Breach,Negotiation,"Breach notifications, fines (e.g., GDPR).",51,0.636726,0.778946,0.781648,0.68384,0.794586,0.642086,0.064879,0.085667,0.062193,0.058297,0.067201,0.061831,0.53919,0.486015,0.537613,0.40561,0.497574,0.452841,1004232,1225905,940893,1099180,1197662,1393032,,,,,
CM.01,Cloud Misconfiguration Leading to Massive Breach,Recovery,"Reconfigure, data restoration.",51,0.665785,0.776823,0.63748,0.711633,0.725786,0.79111,0.0645,0.050469,0.073615,0.05491,0.073872,0.090426,0.933181,0.948928,0.935637,0.96486,0.956558,0.961214,3764551,3841967,3832072,3422105,3648879,3570973,,,,,
ZD.01,Zero-Day Exploit in Niche Software,Forensics,"Exploit reverse engineering, vuln hunting.",51,0.0787,0.135561,0.103327,0.052137,0.14101,0.090023,0.012267,0.014405,0.014422,0.010567,0.01998,0.013078,0.839891,0.855435,0.825313,0.927332,0.907744,0.839308,1517848,1879052,1897884,1740256,1679270,1801857,,,,,
ZD.01,Zero-Day Exploit in Niche Software,Legal Support,"Vendor disputes, breach reporting.",51,0.139079,0.115315,0.128089,0.120679,0.069726,0.125584,0.012627,0.018377,0.018005,0.018556,0.015942,0.018235,0.791395,0.880886,0.892081,0.857477,0.766316,0.825188,1079793,1018014,1018947,1269641,1497363,1068636,,,,,
ZD.01,Zero-Day Exploit in Niche Software,Negotiation,"Vendor disputes, breach reporting.",51,0.050864,0.096665,0.071418,0.103527,0.136054,0.104924,0.0177,0.014682,0.015789,0.010901,0.018458,0.016146,0.584782,0.520349,0.4325,0.40259,0.468387,0.50185,1187969,1078503,1339904,1474462,1401044,1065504,,,,,
ZD.01,Zero-Day Exploit in Niche Software,Recovery,"Custom patching, system scans.",51,0.143221,0.141529,0.099131,0.117964,0.058275,0.146099,0.012856,0.01263,0.013371,0.01437,0.016912,0.017134,0.968716,0.921742,0.902299,0.967806,0.924745,0.91894,5214239,4735261,4723287,5072999,4708331,5099650,,,,,
FI.01,FIMI/Disinformation Campaign (AI-Generated),Forensics,"Content authenticity analysis, source tracing.",51,0.197287,0.106457,0.196123,0.17622,0.117696,0.192038,0.015002,0.012903,0.015941,0.018808,0.015183,0.01753,0.864842,0.823378,0.81781,0.850213,0.881611,0.840345,1492517,1511912,1329462,1268817,2103175,1353058,,,,,
FI.01,FIMI/Disinformation Campaign (AI-Generated),Legal Support,"Defamation lawsuits, regulatory filings.",51,0.179751,0.113343,0.169308,0.189335,0.143835,0.14075,0.019987,0.012048,0.018993,0.014179,0.012657,0.01133,0.776606,0.827175,0.851673,0.769713,0.753951,0.704804,1183664,1352143,1049448,1350672,1205959,1734726,,,,,
FI.01,FIMI/Disinformation Campaign (AI-Generated),Negotiation,"Defamation lawsuits, regulatory filings.",51,0.1245,0.132949,0.176427,0.141194,0.187549,0.178603,0.018102,0.015986,0.018139,0.015937,0.010253,0.018374,0.51159,0.542339,0.534179,0.519316,0.540009,0.468515,1518824,1865905,1911431,1960682,1871826,1367562,,,,,
FI.01,FIMI/Disinformation Campaign (AI-Generated),Recovery,"Public relations campaigns, content takedowns.",51,0.163835,0.127554,0.161729,0.110481,0.18094,0.179225,0.012998,0.01418,0.015016,0.017458,0.014557,0.016063,0.907718,0.932033,0.906258,0.933992,0.906712,0.951821,4843962,4288162,5972090,5636091,5391098,4454013,,,,,
EC.01,Edge Computing Exploit (Zero-Day in Distributed Systems),Forensics,"Edge network logs, exploit reconstruction.",51,0.179518,0.165841,0.107584,0.071375,0.062077,0.123945,0.025858,0.019007,0.018269,0.010202,0.024952,0.024615,0.870633,0.812679,0.898153,0.927035,0.887199,0.868665,2016638,2356939,1725125,1768258,2373752,2347930,,,,,
EC.01,Edge Computing Exploit (Zero-Day in Distributed Systems),Legal Support,Compliance with data protection laws.,51,0.195689,0.057288,0.12637,0.118086,0.078749,0.106164,0.027063,0.013488,0.027309,0.01741,0.023096,0.014115,0.882606,0.784892,0.844199,0.705679,0.800024,0.749669,1366228,1163542,1285343,1062138,1382433,1132193,,,,,
EC.01,Edge Computing Exploit (Zero-Day in Distributed Systems),Negotiation,Compliance with data protection laws.,51,0.072359,0.093557,0.071188,0.061617,0.130656,0.083484,0.018875,0.015878,0.018069,0.010854,0.019265,0.029361,0.519152,0.503502,0.462216,0.45019,0.522366,0.564647,1009315,1325081,1187843,1304686,1167590,1210852,,,,,
EC.01,Edge Computing Exploit (Zero-Day in Distributed Systems),Recovery,"Firmware updates, edge reconfiguration.",51,0.120177,0.108844,0.156079,0.158867,0.138364,0.090087,0.01879,0.026823,0.011422,0.025368,0.016789,0.019451,0.94713,0.948696,0.94104,0.957805,0.976501,0.957584,5068851,4797871,4939616,5478192,5432855,5091470,,,,,
SB.01,Satellite/5G Backhaul Sabotage,Forensics,"Signal interference analysis, attacker attribution.",51,0.016293,0.027966,0.014027,0.03421,0.034187,0.028506,0.001897,0.00189,0.00174,0.002054,0.001209,0.001911,0.945,0.812765,0.925309,0.830718,0.916385,0.943627,2597141,2967247,2511961,2737345,2900793,2313394,,,,,
SB.01,Satellite/5G Backhaul Sabotage,Legal Support,"International space law, FCC compliance.",51,0.041173,0.045128,0.018202,0.010477,0.025184,0.028095,0.002125,0.002701,0.002887,0.001114,0.001267,0.001037,0.888304,0.8432,0.862983,0.884894,0.824338,0.877328,2231356,2431053,1729456,1860776,1824599,1714635,,,,,
SB.01,Satellite/5G Backhaul Sabotage,Negotiation,"International space law, FCC compliance.",51,0.018726,0.036675,0.043187,0.041548,0.032686,0.046034,0.002547,0.002871,0.001122,0.002605,0.002946,0.001004,0.459714,0.422182,0.553549,0.559317,0.573303,0.434888,2024259,1955257,2126169,1836628,1562020,1878934,,,,,
SB.01,Satellite/5G Backhaul Sabotage,Recovery,"Backup networks, signal hardening.",51,0.044501,0.030531,0.042415,0.047775,0.046304,0.041419,0.001745,0.002537,0.002991,0.002707,0.002734,0.002536,0.932563,0.902887,0.951155,0.948336,0.919626,0.952933,8028469,7406836,8760995,6502585,8443446,8135144,,,,,
VR.01,VR/AR Metaverse Hijacking,Forensics,"Session logs, immersion exploit tracing.",51,0.025423,0.026109,0.029564,0.039051,0.033453,0.044468,0.001812,0.001443,0.001978,0.001292,0.002239,0.001223,0.918642,0.853428,0.836819,0.90062,0.858402,0.922378,1410297,1708361,1770526,1430278,1937770,1217408,,,,,
VR.01,VR/AR Metaverse Hijacking,Legal Support,"Privacy/safety lawsuits, compliance.",51,0.02623,0.031643,0.030275,0.046833,0.045732,0.047824,0.001225,0.002423,0.0019,0.001791,0.001477,0.002299,0.733838,0.772663,0.79807,0.729442,0.883204,0.859651,1004406,1265125,1153832,1062559,1366228,1192212,,,,,
VR.01,VR/AR Metaverse Hijacking,Negotiation,"Privacy/safety lawsuits, compliance.",51,0.047775,0.049622,0.022283,0.037285,0.044367,0.019045,0.002216,0.002728,0.001718,0.001318,0.001166,0.001674,0.47486,0.552749,0.538546,0.420372,0.519277,0.596439,1341001,1068410,1466845,1163745,1256274,1353839,,,,,
VR.01,VR/AR Metaverse Hijacking,Recovery,"Platform patches, user authentication upgrades.",51,0.015902,0.048517,0.047334,0.046695,0.036591,0.029586,0.002047,0.001898,0.001756,0.001264,0.001051,0.002046,0.966778,0.946427,0.970111,0.917559,0.959611,0.938413,4120691,5536026,4280408,4624888,4142959,4632820,,,,,
AI.01,AI-Driven Deepfake Fraud (Executive Impersonation),Forensics,"Analyze audio/video artifacts (e.g., using AI detection tools like Reality Defender); trace fraud trails.",52,0.165853,0.120839,0.11671,0.10582,0.1543,0.109884,0.015699,0.01157,0.011553,0.011094,0.012672,0.010709,0.890668,0.84269,0.860768,0.839515,0.917274,0.896063,1931080,1158942,1723181,1298045,1179895,1080187,,,,,
AI.01,AI-Driven Deepfake Fraud (Executive Impersonation),Legal Support,"Fraud claims, regulatory probes (e.g., FTC for consumer impact); potential lawsuits.",52,0.139992,0.123787,0.140336,0.154337,0.182434,0.113797,0.011901,0.017347,0.014259,0.015413,0.017251,0.018224,0.814358,0.894913,0.858896,0.890972,0.761402,0.762842,1317219,1400496,1945880,1650436,1244592,1721932,,,,,
AI.01,AI-Driven Deepfake Fraud (Executive Impersonation),Negotiation,"Fraud claims, regulatory probes (e.g., FTC for consumer impact); potential lawsuits.",52,0.165477,0.177095,0.16948,0.195004,0.111471,0.145729,0.018332,0.015785,0.013676,0.017721,0.018692,0.013295,0.489247,0.41168,0.508855,0.499866,0.595642,0.43544,1699474,1930813,1885368,1894271,1995151,1569949,,,,,
AI.01,AI-Driven Deepfake Fraud (Executive Impersonation),Recovery,"Retrain staff, implement biometric verification; recover funds.",52,0.130973,0.188761,0.110278,0.155994,0.136393,0.155846,0.01012,0.019128,0.016669,0.014809,0.019517,0.0177,0.9437,0.95475,0.959605,0.905764,0.978716,0.922873,5073681,4683681,3470679,4949704,4407785,4839417,,,,,
QC.01,Quantum Computing Crypto Break,Forensics,"Quantum-resistant analysis of broken keys, breach tracing.",52,0.043883,0.022696,0.045534,0.037582,0.03503,0.012254,0.000146,0.000118,0.000798,0.000413,0.000457,0.00043,0.835327,0.931066,0.809535,0.933253,0.89548,0.805031,4564115,3205828,4305361,4902647,3638595,4986938,,,,,
QC.01,Quantum Computing Crypto Break,Legal Support,"Data protection lawsuits, regulatory audits (e.g., NIST post-quantum standards).",52,0.03819,0.045574,0.049908,0.018393,0.038295,0.024944,0.000661,0.00092,0.000636,0.000831,0.000742,0.000612,0.738403,0.82585,0.854607,0.701039,0.820931,0.857922,3692484,3626121,3394504,2788883,3691947,3255546,,,,,
QC.01,Quantum Computing Crypto Break,Negotiation,"Data protection lawsuits, regulatory audits (e.g., NIST post-quantum standards).",52,0.028266,0.047245,0.027871,0.033439,0.020186,0.028283,0.000742,0.000457,0.000335,0.000364,0.000533,0.000373,0.414057,0.589471,0.467464,0.485391,0.507001,0.537917,2120983,3897560,2262850,3653783,2091457,3829624,,,,,
QC.01,Quantum Computing Crypto Break,Recovery,"Migrate to quantum-safe crypto (e.g., lattice-based).",52,0.014626,0.015995,0.033885,0.013425,0.042857,0.027184,0.000491,0.000301,0.000247,0.000263,0.00018,0.000566,0.967052,0.930431,0.943703,0.925806,0.908277,0.920907,13093367,12077609,14469521,14805875,13264495,11525930,,,,,
BC.01,Blockchain/Crypto-Jacking in DeFi,Forensics,"Blockchain transaction tracing (e.g., Chainalysis tools).",52,0.649964,0.701404,0.652327,0.68446,0.613415,0.719865,0.024164,0.024927,0.018482,0.028089,0.025441,0.029858,0.899533,0.912247,0.924477,0.817793,0.870616,0.922986,1540441,2561745,1322175,2172567,2520657,1109396,,,,,
BC.01,Blockchain/Crypto-Jacking in DeFi,Legal Support,"Crypto recovery lawsuits, SEC compliance.",52,0.619672,0.705878,0.696641,0.610619,0.734938,0.662333,0.01519,0.021321,0.015366,0.028927,0.0175,0.02488,0.828945,0.759507,0.75554,0.866859,0.787775,0.854651,2692702,3860435,3768835,3019389,1127479,1238942,,,,,
BC.01,Blockchain/Crypto-Jacking in DeFi,Negotiation,"Crypto recovery lawsuits, SEC compliance.",52,0.619248,0.658259,0.627749,0.685946,0.726074,0.670967,0.015188,0.019875,0.028143,0.023314,0.017008,0.029786,0.450785,0.581888,0.459763,0.450517,0.516707,0.596306,1776904,2306567,1919180,3961188,3896466,2543817,,,,,
BC.01,Blockchain/Crypto-Jacking in DeFi,Recovery,"Protocol forks, fund reimbursements.",52,0.740657,0.688699,0.755183,0.642646,0.636129,0.609151,0.014276,0.010214,0.024327,0.021043,0.016491,0.015334,0.945869,0.913354,0.921458,0.905723,0.96194,0.947255,4013270,6447828,6552871,6170776,7218441,4374019,,,,,
FI.01,FIMI/Disinformation Campaign (AI-Generated),Forensics,"Content authenticity analysis, source tracing.",52,0.107938,0.133172,0.105095,0.057545,0.074142,0.111495,0.006969,0.007452,0.00857,0.005909,0.008688,0.009949,0.917508,0.934708,0.873838,0.835754,0.917335,0.849679,1660181,1693839,1468403,1860992,1290125,1267398,,,,,
FI.01,FIMI/Disinformation Campaign (AI-Generated),Legal Support,"Defamation lawsuits, regulatory filings.",52,0.132935,0.092521,0.107603,0.089605,0.079363,0.148015,0.005433,0.007754,0.007984,0.006117,0.005936,0.009328,0.70419,0.769048,0.848156,0.874646,0.732974,0.800389,1205326,1195505,1759723,1524032,1543232,1451444,,,,,
FI.01,FIMI/Disinformation Campaign (AI-Generated),Negotiation,"Defamation lawsuits, regulatory filings.",52,0.067786,0.135458,0.067446,0.067329,0.088414,0.127577,0.009877,0.005848,0.007864,0.006436,0.0068,0.006608,0.504318,0.452159,0.417546,0.40045,0.589713,0.505677,1274103,1800673,1319945,1740825,1806424,1674895,,,,,
FI.01,FIMI/Disinformation Campaign (AI-Generated),Recovery,"Public relations campaigns, content takedowns.",52,0.054866,0.130294,0.096118,0.137295,0.128846,0.100745,0.009065,0.00735,0.00983,0.008573,0.005045,0.005176,0.97696,0.905264,0.934753,0.956877,0.957929,0.921809,5613728,5325744,4686000,5976679,4114286,3927735,,,,,
BD.01,Biometric Data Theft (Deep Learning Bypass),Forensics,"Biometric artifact analysis, theft tracing.",52,0.159144,0.186063,0.142652,0.150721,0.123353,0.196629,0.00768,0.005282,0.009885,0.006375,0.007534,0.007032,0.81869,0.85306,0.83262,0.943299,0.905288,0.860102,2383953,2297777,2074195,1833218,2632755,2554825,,,,,
BD.01,Biometric Data Theft (Deep Learning Bypass),Legal Support,"Privacy lawsuits, compliance (e.g., CCPA).",52,0.101305,0.147136,0.173121,0.169649,0.115715,0.154723,0.006423,0.005461,0.007892,0.007075,0.007589,0.008574,0.891174,0.779137,0.727415,0.853676,0.851753,0.858443,1385921,2021834,2197184,2154708,1212787,1857102,,,,,
BD.01,Biometric Data Theft (Deep Learning Bypass),Negotiation,"Privacy lawsuits, compliance (e.g., CCPA).",52,0.134852,0.116173,0.146063,0.140879,0.124537,0.180241,0.005092,0.007422,0.007024,0.006451,0.009534,0.005708,0.472989,0.560342,0.486203,0.574664,0.496389,0.548628,1736065,1393744,1804424,1262052,1300143,1359815,,,,,
BD.01,Biometric Data Theft (Deep Learning Bypass),Recovery,"Multi-factor upgrades, data purging.",52,0.148792,0.140425,0.150374,0.156764,0.116557,0.166417,0.008135,0.005831,0.007416,0.006059,0.008356,0.008063,0.906624,0.910882,0.942518,0.914342,0.920556,0.965273,6709273,5854786,5839960,6135749,5135201,5451109,,,,,
QC.01,Quantum Computing Crypto Break,Forensics,"Quantum-resistant analysis of broken keys, breach tracing.",53,0.028047,0.01696,0.012549,0.01611,0.016644,0.039112,0.000767,0.000302,0.000371,0.000456,0.000665,0.000676,0.822409,0.892743,0.913412,0.900384,0.844839,0.908339,4912797,4988807,3441045,3145375,4086136,4606930,,,,,
QC.01,Quantum Computing Crypto Break,Legal Support,"Data protection lawsuits, regulatory audits (e.g., NIST post-quantum standards).",53,0.026608,0.038334,0.039102,0.013041,0.03781,0.014179,0.000651,0.000153,0.000967,0.000946,0.000488,0.000285,0.746538,0.856493,0.766761,0.732754,0.864658,0.824365,3652389,3783788,2847473,3571181,2794324,3418967,,,,,
QC.01,Quantum Computing Crypto Break,Negotiation,"Data protection lawsuits, regulatory audits (e.g., NIST post-quantum standards).",53,0.023607,0.03321,0.028217,0.042356,0.025389,0.03651,0.00025,0.000186,0.00068,0.000219,0.000984,0.000102,0.478921,0.454649,0.481279,0.451637,0.575902,0.480761,2540086,3427097,3987497,2182237,2485942,2842264,,,,,
QC.01,Quantum Computing Crypto Break,Recovery,"Migrate to quantum-safe crypto (e.g., lattice-based).",53,0.02959,0.042423,0.031309,0.011524,0.02194,0.010884,0.000601,0.000426,0.000403,0.000247,0.000642,0.000391,0.914217,0.9503,0.958616,0.976628,0.901568,0.952902,14988558,10968830,10549965,12634527,11357181,11115689,,,,,
AM.01,AI Model Poisoning Attack,Forensics,Data/input analysis for poison detection.,54,0.111532,0.147397,0.16511,0.127558,0.101289,0.105993,0.005016,0.006031,0.006032,0.009776,0.009893,0.006726,0.801431,0.900363,0.886834,0.898547,0.862383,0.924759,2938989,2096696,2818199,2457696,1732537,2715756,,,,,
AM.01,AI Model Poisoning Attack,Legal Support,IP/data integrity lawsuits.,54,0.145201,0.193623,0.103322,0.161137,0.144484,0.192752,0.007303,0.005729,0.00874,0.006795,0.009362,0.005019,0.727295,0.704146,0.863448,0.854464,0.745074,0.714952,1724462,1794599,1968266,1540906,1105436,1852449,,,,,
AM.01,AI Model Poisoning Attack,Negotiation,IP/data integrity lawsuits.,54,0.187274,0.164632,0.19214,0.178902,0.180557,0.103314,0.008654,0.006771,0.007969,0.007312,0.008418,0.008889,0.406448,0.596205,0.579709,0.468449,0.591724,0.563172,1540228,1599812,1263666,1598338,1471638,1949455,,,,,
AM.01,AI Model Poisoning Attack,Recovery,"Model retraining, clean data sourcing.",54,0.199248,0.167549,0.14078,0.14839,0.168549,0.127189,0.007061,0.006224,0.006234,0.007605,0.007047,0.006477,0.955676,0.900139,0.930059,0.904281,0.909234,0.958585,7985966,6538508,5880549,7311150,5612208,6042741,,,,,
DF.01,Deepfake-Enabled Insider Threat Amplification,Forensics,"Insider behavior forensics, deepfake validation.",54,0.104927,0.109253,0.075349,0.140953,0.068335,0.127915,0.007887,0.009858,0.009338,0.005808,0.009902,0.007471,0.936062,0.94595,0.875921,0.893507,0.839862,0.866381,963297,855217,986640,856201,804099,931691,,,,,
DF.01,Deepfake-Enabled Insider Threat Amplification,Legal Support,"Internal investigations, HR/legal reviews.",54,0.140518,0.144353,0.099564,0.097095,0.051901,0.143633,0.006437,0.009084,0.007644,0.009346,0.008551,0.008549,0.712893,0.705225,0.712582,0.754308,0.71258,0.855117,856577,853127,895436,883215,750415,771900,,,,,
DF.01,Deepfake-Enabled Insider Threat Amplification,Negotiation,"Internal investigations, HR/legal reviews.",54,0.130491,0.148038,0.136251,0.050024,0.096663,0.083449,0.008366,0.008301,0.005835,0.0053,0.00796,0.009917,0.48415,0.524593,0.505791,0.518898,0.536781,0.513031,712322,754285,857887,859982,928494,914015,,,,,
DF.01,Deepfake-Enabled Insider Threat Amplification,Recovery,"Access revokes, AI monitoring tools.",54,0.130629,0.098476,0.083739,0.094946,0.075913,0.136218,0.008377,0.006534,0.008801,0.008131,0.009834,0.009887,0.913934,0.926199,0.914914,0.924334,0.971621,0.960468,2988888,3384813,3245063,2902381,2643957,3712208,,,,,
VR.01,VR/AR Metaverse Hijacking,Forensics,"Session logs, immersion exploit tracing.",54,0.015619,0.022131,0.045038,0.014308,0.049381,0.010475,0.002765,0.002616,0.002665,0.001033,0.002934,0.0022,0.944308,0.943961,0.850099,0.81,0.817096,0.857502,1783138,1685155,1350001,1207272,2070629,2082693,,,,,
VR.01,VR/AR Metaverse Hijacking,Legal Support,"Privacy/safety lawsuits, compliance.",54,0.025671,0.041227,0.027699,0.043021,0.044545,0.032318,0.002058,0.002548,0.001535,0.001528,0.002846,0.002197,0.81576,0.710248,0.880961,0.764504,0.884213,0.76042,1153583,1089156,1408866,1139683,1307189,1363602,,,,,
VR.01,VR/AR Metaverse Hijacking,Negotiation,"Privacy/safety lawsuits, compliance.",54,0.02728,0.034472,0.043419,0.036115,0.010795,0.017593,0.002124,0.001715,0.001243,0.002942,0.001888,0.001529,0.541147,0.424008,0.565225,0.421168,0.555462,0.475796,1397211,1282358,1141829,1164303,1403911,1316603,,,,,
VR.01,VR/AR Metaverse Hijacking,Recovery,"Platform patches, user authentication upgrades.",54,0.033571,0.048584,0.018217,0.037045,0.022032,0.023214,0.001647,0.001711,0.001363,0.001566,0.0023,0.002471,0.947865,0.938975,0.953151,0.952625,0.940891,0.966735,3852413,4233798,5584258,3946610,5221143,4705826,,,,,
IO.01,IoT/OT Zero-Day Exploitation,Forensics,"Device log analysis, zero-day reverse engineering.",56,0.112623,0.087859,0.118553,0.142992,0.09906,0.067453,0.030842,0.04423,0.029289,0.028788,0.036605,0.020503,0.851667,0.809386,0.944427,0.914,0.823438,0.933496,1329701,1429161,1584545,1432744,1628527,1297888,,,,,
IO.01,IoT/OT Zero-Day Exploitation,Legal Support,"Compliance with ICS standards (e.g., IEC 62443).",56,0.119,0.115801,0.117677,0.14806,0.131609,0.073785,0.044887,0.040092,0.046138,0.044669,0.028735,0.041202,0.792025,0.707873,0.826209,0.81694,0.81759,0.706479,1029778,1389516,1055412,1140272,1106531,1455307,,,,,
IO.01,IoT/OT Zero-Day Exploitation,Negotiation,"Compliance with ICS standards (e.g., IEC 62443).",56,0.144775,0.091246,0.069028,0.051956,0.119101,0.082231,0.044402,0.044565,0.045329,0.038006,0.037168,0.039766,0.425807,0.591849,0.535711,0.406312,0.571895,0.467533,1409954,1214534,1161271,1041172,1321896,1221707,,,,,
IO.01,IoT/OT Zero-Day Exploitation,Recovery,"Patch/firmware updates, device replacement.",56,0.132352,0.089774,0.13542,0.097812,0.06985,0.095818,0.045576,0.026559,0.029723,0.03451,0.033473,0.021193,0.973836,0.95404,0.960515,0.975091,0.971474,0.97261,4466013,4463176,4039832,4466282,3881357,4667125,,,,,
DF.01,Deepfake-Enabled Insider Threat Amplification,Forensics,"Insider behavior forensics, deepfake validation.",56,0.127438,0.081535,0.111373,0.067633,0.143166,0.11023,0.016614,0.017413,0.01881,0.011448,0.019663,0.018476,0.886361,0.898681,0.823788,0.800244,0.911466,0.907572,1108158,1067244,964735,1113581,1068448,918506,,,,,
DF.01,Deepfake-Enabled Insider Threat Amplification,Legal Support,"Internal investigations, HR/legal reviews.",56,0.063165,0.070776,0.146833,0.055585,0.108155,0.137319,0.013201,0.015142,0.016033,0.012273,0.016057,0.012307,0.844791,0.701772,0.769932,0.837777,0.89767,0.888306,946078,825145,804077,918043,917941,788805,,,,,
DF.01,Deepfake-Enabled Insider Threat Amplification,Negotiation,"Internal investigations, HR/legal reviews.",56,0.1207,0.12519,0.060843,0.128371,0.111354,0.065567,0.018764,0.019817,0.01273,0.012062,0.010343,0.010767,0.476609,0.540896,0.424202,0.555592,0.428539,0.510772,701895,833826,764103,737132,862278,729396,,,,,
DF.01,Deepfake-Enabled Insider Threat Amplification,Recovery,"Access revokes, AI monitoring tools.",56,0.091493,0.086766,0.05601,0.124443,0.148064,0.076861,0.011648,0.01816,0.018989,0.010993,0.015877,0.013308,0.969804,0.95161,0.979294,0.977728,0.908651,0.926258,2501194,3543332,2994943,2940316,3049235,3707629,,,,,
AI.01,AI-Driven Deepfake Fraud (Executive Impersonation),Forensics,"Analyze audio/video artifacts (e.g., using AI detection tools like Reality Defender); trace fraud trails.",61,0.110488,0.107381,0.170873,0.161844,0.13476,0.149129,0.010583,0.019669,0.01837,0.018233,0.018024,0.012275,0.815532,0.90177,0.92688,0.802038,0.866754,0.825386,1072251,1888941,1418562,1255759,1767971,1658879,,,,,
AI.01,AI-Driven Deepfake Fraud (Executive Impersonation),Legal Support,"Fraud claims, regulatory probes (e.g., FTC for consumer impact); potential lawsuits.",61,0.105434,0.198606,0.159907,0.189004,0.12966,0.193766,0.014138,0.010811,0.013884,0.011054,0.016396,0.017539,0.775028,0.877246,0.746019,0.732655,0.873594,0.891377,987638,1330304,1634722,1625903,1515558,941722,,,,,
AI.01,AI-Driven Deepfake Fraud (Executive Impersonation),Negotiation,"Fraud claims, regulatory probes (e.g., FTC for consumer impact); potential lawsuits.",61,0.195522,0.159951,0.169838,0.177364,0.102689,0.165142,0.012534,0.017534,0.013215,0.015745,0.011922,0.015606,0.516217,0.559373,0.441712,0.520036,0.596264,0.441387,1172373,1480293,1373453,937574,1979365,1712854,,,,,
AI.01,AI-Driven Deepfake Fraud (Executive Impersonation),Recovery,"Retrain staff, implement biometric verification; recover funds.",61,0.121707,0.132422,0.125954,0.168124,0.140969,0.105926,0.01445,0.012609,0.017798,0.011799,0.010002,0.018441,0.92786,0.928367,0.913982,0.978433,0.955872,0.918259,5797771,4360764,5400730,5642948,4771587,3716523,,,,,
AM.01,AI Model Poisoning Attack,Forensics,Data/input analysis for poison detection.,61,0.084929,0.097235,0.063418,0.090828,0.098613,0.055599,0.007715,0.009413,0.00649,0.008924,0.009963,0.006895,0.945034,0.840745,0.900447,0.907519,0.949634,0.854204,2848523,2237290,2413581,1985678,1645324,2985762,,,,,
AM.01,AI Model Poisoning Attack,Legal Support,IP/data integrity lawsuits.,61,0.059668,0.089615,0.074678,0.058928,0.064628,0.059886,0.006342,0.00982,0.009268,0.008569,0.006449,0.005414,0.825898,0.818954,0.793807,0.722587,0.786428,0.81337,1748791,1527602,1961049,1820016,1509381,1727284,,,,,
AM.01,AI Model Poisoning Attack,Negotiation,IP/data integrity lawsuits.,61,0.073213,0.058687,0.077459,0.05847,0.063706,0.07126,0.007293,0.006938,0.005105,0.005612,0.006573,0.009033,0.44534,0.530069,0.5438,0.507113,0.595499,0.539475,1121666,1115873,1686664,1910102,1174285,1740984,,,,,
AM.01,AI Model Poisoning Attack,Recovery,"Model retraining, clean data sourcing.",61,0.077833,0.074613,0.066449,0.083131,0.076121,0.055515,0.007102,0.006734,0.006167,0.005664,0.008031,0.008663,0.976063,0.922206,0.968123,0.929599,0.902917,0.93371,5688002,6574570,6069452,7877525,7153531,6811921,,,,,
RN.01,Ransomware with Triple Extortion,Forensics,"Root cause analysis, malware reverse engineering.",62,0.455561,0.465742,0.483845,0.449192,0.482073,0.438791,0.092674,0.061769,0.051137,0.082842,0.091635,0.06217,0.826598,0.83587,0.90579,0.929446,0.904385,0.820121,1420101,1559779,1190414,1372811,1462290,1714160,,,,,
RN.01,Ransomware with Triple Extortion,Legal Support,"Ransom negotiations (if policy allows), compliance (e.g., GDPR fines).",62,0.419948,0.474405,0.460732,0.40641,0.480784,0.408009,0.066336,0.093346,0.088003,0.076254,0.056054,0.060211,0.882278,0.74381,0.757133,0.751698,0.782723,0.894339,1650661,2393879,1931229,1519440,1643715,1426438,,,,,
RN.01,Ransomware with Triple Extortion,Negotiation,"Ransom negotiations (if policy allows), compliance (e.g., GDPR fines).",62,0.402682,0.491177,0.476288,0.404157,0.420158,0.42649,0.089039,0.077722,0.058219,0.099393,0.077908,0.061839,0.421123,0.495049,0.485114,0.495363,0.40737,0.450381,1780137,1042926,2138806,1158502,2432741,1953783,,,,,
RN.01,Ransomware with Triple Extortion,Recovery,"Decryption/backups, system rebuilds; downtime recovery.",62,0.46789,0.417718,0.480506,0.493379,0.484826,0.441117,0.052182,0.055196,0.06928,0.052399,0.078019,0.093013,0.927362,0.901931,0.954955,0.923256,0.917905,0.978356,4840344,5130209,5293290,4197867,3900928,3017663,,,,,
BD.01,Biometric Data Theft (Deep Learning Bypass),Forensics,"Biometric artifact analysis, theft tracing.",62,0.266034,0.171381,0.291056,0.28954,0.200963,0.215546,0.005979,0.007654,0.006571,0.006422,0.008697,0.005365,0.885193,0.818946,0.925126,0.806842,0.89357,0.825819,2181427,1878052,2090126,2696863,1820551,1884531,,,,,
BD.01,Biometric Data Theft (Deep Learning Bypass),Legal Support,"Privacy lawsuits, compliance (e.g., CCPA).",62,0.240256,0.278935,0.207104,0.132025,0.295878,0.233118,0.005761,0.007151,0.008175,0.006784,0.007033,0.005059,0.728183,0.88653,0.800029,0.796377,0.799615,0.846382,1582787,1814906,1466408,1347920,1920884,2006566,,,,,
BD.01,Biometric Data Theft (Deep Learning Bypass),Negotiation,"Privacy lawsuits, compliance (e.g., CCPA).",62,0.106894,0.122674,0.219821,0.267849,0.134471,0.205992,0.00536,0.008217,0.005037,0.008875,0.005545,0.005641,0.465187,0.597193,0.547513,0.534111,0.439136,0.587084,2131667,2080726,1525722,2088134,1369863,1374495,,,,,
BD.01,Biometric Data Theft (Deep Learning Bypass),Recovery,"Multi-factor upgrades, data purging.",62,0.140313,0.135339,0.294194,0.142387,0.157717,0.242575,0.009088,0.00951,0.008474,0.009131,0.007018,0.00658,0.909013,0.942505,0.960512,0.914831,0.93353,0.906984,5904185,6618816,5008167,5958692,6552650,6434023,,,,,
AI.01,AI-Driven Deepfake Fraud (Executive Impersonation),Forensics,"Analyze audio/video artifacts (e.g., using AI detection tools like Reality Defender); trace fraud trails.",71,0.137114,0.183756,0.189575,0.078525,0.118472,0.082374,0.017513,0.018778,0.01962,0.014614,0.012146,0.011524,0.937812,0.818025,0.84864,0.824501,0.828884,0.872886,1795388,1644431,1609007,1305150,1368248,1693816,,,,,
AI.01,AI-Driven Deepfake Fraud (Executive Impersonation),Legal Support,"Fraud claims, regulatory probes (e.g., FTC for consumer impact); potential lawsuits.",71,0.174738,0.199399,0.188587,0.076242,0.143447,0.089612,0.011472,0.012488,0.01853,0.017043,0.015951,0.012381,0.780039,0.766572,0.782447,0.810908,0.859162,0.894135,964273,1590891,1404184,1974731,1812823,1353842,,,,,
AI.01,AI-Driven Deepfake Fraud (Executive Impersonation),Negotiation,"Fraud claims, regulatory probes (e.g., FTC for consumer impact); potential lawsuits.",71,0.16343,0.099204,0.189059,0.178163,0.103322,0.117839,0.019523,0.012535,0.013384,0.010376,0.012469,0.019593,0.874631,0.848766,0.816512,0.834456,0.884752,0.899844,1395408,1730626,1071289,1409208,1982054,1681808,,,,,
AI.01,AI-Driven Deepfake Fraud (Executive Impersonation),Recovery,"Retrain staff, implement biometric verification; recover funds.",71,0.060286,0.110668,0.09058,0.11293,0.087024,0.062787,0.016361,0.014386,0.019996,0.010295,0.01359,0.01511,0.936542,0.955929,0.931495,0.915737,0.975739,0.978441,4419901,4131595,4602232,4748250,3781592,3461010,,,,,
AM.01,AI Model Poisoning Attack,Forensics,Data/input analysis for poison detection.,71,0.104477,0.13792,0.113064,0.080095,0.122875,0.145683,0.009545,0.006674,0.005227,0.00866,0.006655,0.008331,0.841061,0.840072,0.936182,0.87639,0.836766,0.809566,2840534,2144588,1977014,2157668,1994634,2441606,,,,,
AM.01,AI Model Poisoning Attack,Legal Support,IP/data integrity lawsuits.,71,0.052464,0.082518,0.12728,0.102573,0.104125,0.052701,0.005164,0.007949,0.005817,0.0088,0.008421,0.009564,0.817691,0.861732,0.75874,0.721777,0.76312,0.882176,1612265,1024337,1703938,1842828,1454362,1066598,,,,,
AM.01,AI Model Poisoning Attack,Negotiation,IP/data integrity lawsuits.,71,0.110342,0.086568,0.069359,0.114848,0.072134,0.106908,0.009868,0.008382,0.007068,0.007032,0.009799,0.006697,0.84855,0.858893,0.865821,0.820597,0.822512,0.523042,1034399,1247491,1031042,1875373,1120775,1664156,,,,,
AM.01,AI Model Poisoning Attack,Recovery,"Model retraining, clean data sourcing.",71,0.074644,0.097789,0.05759,0.117521,0.115214,0.07663,0.005168,0.006919,0.007318,0.008233,0.008612,0.00502,0.936129,0.935911,0.920033,0.902702,0.948499,0.914994,7155360,5955117,7017992,7813533,7889550,7193436,,,,,
VR.01,VR/AR Metaverse Hijacking,Forensics,"Session logs, immersion exploit tracing.",71,0.033696,0.036802,0.022233,0.01936,0.024117,0.042428,0.006978,0.006656,0.009212,0.0055,0.009055,0.008318,0.816684,0.83123,0.888653,0.9459,0.902924,0.865646,1610366,1665344,1211076,1949801,1906817,1979227,,,,,
VR.01,VR/AR Metaverse Hijacking,Legal Support,"Privacy/safety lawsuits, compliance.",71,0.017831,0.036499,0.039931,0.024466,0.011374,0.01372,0.00743,0.00839,0.009102,0.006896,0.006057,0.009695,0.800377,0.881818,0.899531,0.867265,0.871053,0.762179,1434268,1469411,1304563,1449373,1027625,1209488,,,,,
VR.01,VR/AR Metaverse Hijacking,Negotiation,"Privacy/safety lawsuits, compliance.",71,0.012913,0.026526,0.026449,0.010017,0.01886,0.036171,0.00703,0.006654,0.005191,0.005072,0.008303,0.007202,0.872976,0.872161,0.822997,0.873012,0.821247,0.857111,1194398,1089802,1006596,1372371,1264681,1149897,,,,,
VR.01,VR/AR Metaverse Hijacking,Recovery,"Platform patches, user authentication upgrades.",71,0.016162,0.016632,0.017577,0.010199,0.015408,0.036551,0.008777,0.009661,0.005916,0.005865,0.009552,0.008521,0.952551,0.947899,0.908077,0.954185,0.907526,0.914251,3803870,4046414,4461926,4244400,5495453,4072324,,,,,
IO.01,IoT/OT Zero-Day Exploitation,Forensics,"Device log analysis, zero-day reverse engineering.",72,0.368933,0.464072,0.368019,0.456004,0.488818,0.36379,0.035602,0.026438,0.048596,0.039439,0.044353,0.041545,0.815525,0.904648,0.919451,0.874724,0.85066,0.830551,1227735,1405870,1262408,1409923,1355099,1415835,,,,,
IO.01,IoT/OT Zero-Day Exploitation,Legal Support,"Compliance with ICS standards (e.g., IEC 62443).",72,0.471932,0.458199,0.328324,0.411993,0.461468,0.338866,0.043332,0.049108,0.023006,0.046387,0.045648,0.040319,0.869952,0.710304,0.773587,0.822067,0.750252,0.768607,1564752,1010705,1453710,1578019,1177345,1676217,,,,,
IO.01,IoT/OT Zero-Day Exploitation,Negotiation,"Compliance with ICS standards (e.g., IEC 62443).",72,0.455262,0.365237,0.457306,0.375146,0.396363,0.448696,0.043541,0.02591,0.025201,0.020572,0.041374,0.022408,0.897856,0.819011,0.872997,0.80274,0.851111,0.845198,1520173,1723153,1046010,1880908,1757752,1235906,,,,,
IO.01,IoT/OT Zero-Day Exploitation,Recovery,"Patch/firmware updates, device replacement.",72,0.386774,0.364773,0.334084,0.391122,0.483619,0.473621,0.03497,0.037863,0.024933,0.041509,0.045657,0.039261,0.919185,0.945596,0.917487,0.928397,0.920917,0.927828,4296951,4481940,4064516,4070457,4432663,3909689,,,,,
DF.01,Deepfake-Enabled Insider Threat Amplification,Forensics,"Insider behavior forensics, deepfake validation.",72,0.063832,0.069986,0.080912,0.093643,0.081048,0.11057,0.016833,0.015098,0.018412,0.011,0.015418,0.014706,0.836516,0.838898,0.92216,0.80314,0.90947,0.826452,1100062,1091776,1187528,958461,813302,886260,,,,,
DF.01,Deepfake-Enabled Insider Threat Amplification,Legal Support,"Internal investigations, HR/legal reviews.",72,0.053332,0.1409,0.13861,0.17821,0.075329,0.185027,0.015682,0.018702,0.013948,0.018072,0.011947,0.019194,0.730012,0.72225,0.725914,0.791043,0.822823,0.801707,1245512,1120574,1597217,1645671,1054612,1535363,,,,,
DF.01,Deepfake-Enabled Insider Threat Amplification,Negotiation,"Internal investigations, HR/legal reviews.",72,0.15304,0.199481,0.079505,0.063979,0.057722,0.18854,0.016798,0.010245,0.013728,0.019413,0.018869,0.010023,0.853111,0.826075,0.851682,0.894988,0.845676,0.879309,1824478,1478053,1682188,1888678,1443593,1959063,,,,,
DF.01,Deepfake-Enabled Insider Threat Amplification,Recovery,"Access revokes, AI monitoring tools.",72,0.142316,0.051551,0.138305,0.103721,0.071698,0.06297,0.017891,0.011214,0.012709,0.010412,0.014605,0.014146,0.959337,0.921687,0.928629,0.944703,0.959752,0.907036,3261197,3320432,3642677,3300432,3172323,3235754,,,,,
AP.01,Advanced Persistent Threat (APT) on Critical Infrastructure,Forensics,"APT hunt (e.g., indicators from MITRE), attribution analysis.",81,0.692045,0.744162,0.704488,0.623824,0.613887,0.730513,0.024876,0.02128,0.021885,0.019742,0.017877,0.020041,0.830705,0.940099,0.923407,0.911694,0.849036,0.947729,2246587,2634610,2519533,2853370,2400459,2362315,,,,,
AP.01,Advanced Persistent Threat (APT) on Critical Infrastructure,Legal Support,"International coordination, CISA reporting.",81,0.769987,0.766569,0.621231,0.761433,0.777355,0.718158,0.022374,0.01913,0.017307,0.012818,0.021466,0.011038,0.768097,0.885927,0.85469,0.765421,0.736239,0.702838,1643094,1584570,1967308,1759726,2474715,1666859,,,,,
AP.01,Advanced Persistent Threat (APT) on Critical Infrastructure,Negotiation,"International coordination, CISA reporting.",81,0.778452,0.767147,0.688306,0.704397,0.796231,0.674651,0.016762,0.018668,0.027337,0.01997,0.025253,0.028899,0.89299,0.835827,0.894601,0.887272,0.885193,0.804188,2152494,2318828,1810811,1743682,1729631,2161082,,,,,
AP.01,Advanced Persistent Threat (APT) on Critical Infrastructure,Recovery,"Infrastructure rebuild, resilience upgrades.",81,0.656044,0.731456,0.622627,0.735153,0.60648,0.662096,0.022499,0.024304,0.021279,0.021636,0.022962,0.013134,0.964582,0.91605,0.916569,0.968914,0.93367,0.951082,5849685,6496487,6182601,5823972,5651734,5942781,,,,,
FI.01,FIMI/Disinformation Campaign (AI-Generated),Forensics,"Content authenticity analysis, source tracing.",92,0.368543,0.206024,0.277738,0.240612,0.244085,0.261019,0.019192,0.011906,0.014704,0.01222,0.015733,0.017836,0.926973,0.917311,0.917832,0.807117,0.861994,0.919489,1259898,1268673,1401460,1351100,1704653,1877161,,,,,
FI.01,FIMI/Disinformation Campaign (AI-Generated),Legal Support,"Defamation lawsuits, regulatory filings.",92,0.296094,0.241464,0.292017,0.209768,0.267029,0.277514,0.010861,0.01061,0.016179,0.01448,0.019347,0.016966,0.706868,0.709848,0.730934,0.755684,0.751909,0.898737,2405494,2002088,1559989,2762259,1959688,2746278,,,,,
FI.01,FIMI/Disinformation Campaign (AI-Generated),Negotiation,"Defamation lawsuits, regulatory filings.",92,0.257176,0.337938,0.375902,0.326214,0.213389,0.209493,0.013164,0.017338,0.011014,0.017078,0.01481,0.012227,0.81741,0.844619,0.890106,0.808732,0.852642,0.815594,2058386,2644076,1634995,1827535,2518146,2532856,,,,,
FI.01,FIMI/Disinformation Campaign (AI-Generated),Recovery,"Public relations campaigns, content takedowns.",92,0.288696,0.294177,0.26787,0.293609,0.228311,0.259823,0.017958,0.017372,0.017125,0.019335,0.016308,0.019926,0.936885,0.964703,0.919456,0.939227,0.914789,0.927868,4030932,5955416,4240912,5326833,5152533,5498298,,,,,
BD.01,Biometric Data Theft (Deep Learning Bypass),Forensics,"Biometric artifact analysis, theft tracing.",92,0.267722,0.258355,0.297607,0.207445,0.220434,0.239861,0.007289,0.006699,0.006182,0.007922,0.006181,0.008802,0.800347,0.8868,0.814449,0.883464,0.804533,0.872684,2196584,2223823,2634695,2452362,2441662,2550042,,,,,
BD.01,Biometric Data Theft (Deep Learning Bypass),Legal Support,"Privacy lawsuits, compliance (e.g., CCPA).",92,0.249979,0.235137,0.283097,0.293368,0.249763,0.20805,0.006814,0.006859,0.009325,0.00518,0.005913,0.009208,0.801638,0.701947,0.89692,0.738823,0.808325,0.785119,2383934,2842664,2145870,2202697,2128243,1854106,,,,,
BD.01,Biometric Data Theft (Deep Learning Bypass),Negotiation,"Privacy lawsuits, compliance (e.g., CCPA).",92,0.239466,0.257688,0.238558,0.247574,0.272052,0.210805,0.006078,0.007567,0.005382,0.009936,0.005153,0.009363,0.888263,0.860927,0.81582,0.892536,0.897977,0.882728,2849805,2125645,2969768,2268230,1744886,1547390,,,,,
BD.01,Biometric Data Theft (Deep Learning Bypass),Recovery,"Multi-factor upgrades, data purging.",92,0.214313,0.2432,0.295381,0.245027,0.221957,0.239718,0.006246,0.008931,0.009847,0.006607,0.00578,0.005179,0.975828,0.975348,0.916692,0.932579,0.95998,0.927503,6111013,6669021,5505564,5581270,6529201,5128801,,,,,
